학교명,설립별,지역별,교외장학금 국가,교내장학금 저소득층장학금,장학금_총계,학제별,평균입학금,평균등록금(원),일반학자금대출_전체_학생수,일반학자금대출_전체_금액,일반학자금대출_등록금_학생수,일반학자금대출_등록금_금액,취업학자금대출_전체_학생수,취업학자금대출_전체_금액,취업학자금대출_등록금_학생수,취업학자금대출_등록금_금액,일반_생활비대출_금액,취업_생활비대출_금액,총_생활비대출_금액,총_등록금대출_금액,총_대출_금액,총_대출_학생수
ICT폴리텍대학,사립,경기,374375000,149025000,660275000,전문대학,0,2500000.0,14,28200000,2,2500000,29,63048936,7,8115000,25700000,54933936,80633936,10615000,91248936,43
가야대학교(김해),사립,경남,4807751626,581204200,6731889810,대학,0,7446294.0,215,720264300,151,438764300,367,1082848700,188,514248700,281500000,568600000,850100000,953013000,1803113000,582
가천대학교,사립,경기,45910606313,9851371080,77843265838,대학,0,9094425.6,2789,11087930475,2278,8206430475,2765,8452095398,1838,4953349976,2881500000,3498745422,6380245422,13159780451,19540025873,5554
가톨릭관동대학교,사립,강원,16176594266,914893269,21628812317,대학,0,7725838.9,654,2169762400,475,1380162400,1134,3194155079,624,1484670726,789600000,1709484353,2499084353,2864833126,5363917479,1788
가톨릭꽃동네대학교,사립,충북,1297783541,102870500,1998417415,대학,0,7468777.8,40,132023700,29,82023700,83,235984685,45,115434685,50000000,120550000,170550000,197458385,368008385,123
가톨릭대학교,사립,경기,17886024287,2424326980,28695616841,대학,0,7963851.9,1785,8289095160,1544,6696795160,1327,3977474059,775,2181006119,1592300000,1796467940,3388767940,8877801279,12266569219,3112
가톨릭상지대학교,사립,경북,5257535213,26691000,7148534417,전문대학,0,6122698.4,183,469955900,90,195455900,362,897124634,161,343274634,274500000,553850000,828350000,538730534,1367080534,545
감리교신학대학교,사립,서울,2410494708,40670000,2886603070,대학,0,6941350.0,352,1438306950,316,1048706950,236,749815390,158,413365390,389600000,336450000,726050000,1462072340,2188122340,588
강남대학교,사립,경기,16109316042,1946189837,22201126913,대학,0,8206173.1,956,3655287000,801,2685337000,975,2957169351,599,1683081719,969950000,1274087632,2244037632,4368418719,6612456351,1931
강동대학교,사립,충북,10290339482,214737453,13231413683,전문대학,0,6087118.9,392,1140415000,237,565115000,572,1704608889,370,849308889,575300000,855300000,1430600000,1414423889,2845023889,964
강릉영동대학교,사립,강원,6333028966,0,8965802818,전문대학,0,6161215.3,198,589112830,136,362512830,503,1405198920,296,642644750,226600000,762554170,989154170,1005157580,1994311750,701
강서대학교,사립,서울,3481755480,606409850,5602164367,대학,0,7933023.5,178,617718750,145,449168750,269,854073585,196,488623585,168550000,365450000,534000000,937792335,1471792335,447
강원대학교,국공립,강원,39134403214,2286402600,57280056940,대학,0,4231664.8,2157,6140193010,1316,3113343010,3014,6967534246,984,1940558971,3026850000,5026975275,8053825275,5053901981,13107727256,5171
강원도립대학교,국공립,강원,1266491800,15837000,1896626865,전문대학,0,2347981.6,35,67000000,9,10500000,42,80599000,4,4599000,56500000,76000000,132500000,15099000,147599000,77
거제대학교,사립,경남,3749415704,311667200,4940098485,전문대학,0,6720853.1,102,267734690,48,137634690,194,520645405,83,201395405,130100000,319250000,449350000,339030095,788380095,296
건국대학교,사립,서울,48692744708,9202654517,83072559273,대학,0,8935134.0,5213,26297771400,4329,20499421400,3649,11708385965,1905,6385635562,5798350000,5322750403,11121100403,26885056962,38006157365,8862
건양대학교,사립,충남,17596012686,1518271500,26621412694,대학,0,7429363.0,683,2133255310,467,1283220210,1083,2689031358,414,1016059128,850035100,1672972230,2523007330,2299279338,4822286668,1766
건양사이버대학교,사립,대전,8235644052,12376500,9895117834,대학,0,2537763.9,507,1059169500,190,231469500,147,324352625,56,65039700,827700000,259312925,1087012925,296509200,1383522125,654
경기과학기술대학교,사립,경기,12717373998,61622960,16092637039,전문대학,0,6933951.9,465,1435874276,336,898274276,608,1716714026,367,823437992,537600000,893276034,1430876034,1721712268,3152588302,1073
경기대학교,사립,경기,33310345110,5454261200,51811828645,대학,0,8003495.9,2517,10864106500,2168,8343523500,2060,5733879033,1137,2944029013,2520583000,2789850020,5310433020,11287552513,16597985533,4577
경남대학교,사립,경남,23504388931,822379980,33880956270,대학,0,7060677.8,985,3002966120,655,1751516120,1566,4000606526,610,1482801392,1251450000,2517805134,3769255134,3234317512,7003572646,2551
경남도립거창대학,국공립,경남,1661598020,844743000,2709976215,전문대학,0,2859245.1,37,74005000,9,12905000,62,125981000,13,18181000,61100000,107800000,168900000,31086000,199986000,99
경남정보대학교,사립,부산,19602123639,51696600,23249099612,전문대학,0,6732394.5,585,1508337500,313,655187500,1319,3177238387,487,1040121874,853150000,2137116513,2990266513,1695309374,4685575887,1904
경동대학교,사립,강원,17844352020,3458940646,31317089896,대학,0,8651314.8,761,2898814800,593,2214014800,1633,5227325449,1026,3104103769,684800000,2123221680,2808021680,5318118569,8126140249,2394
경민대학교,사립,경기,14509519052,359940000,18568000000,전문대학,0,7081098.3,467,1343718370,328,827768370,878,2333909934,467,1087274003,515950000,1246635931,1762585931,1915042373,3677628304,1345
경복대학교,사립,경기,20082115359,2141185000,26444496981,전문대학,0,7171732.1,628,1978485000,451,1285535000,1387,3716386056,728,1702219376,692950000,2014166680,2707116680,2987754376,5694871056,2015
경북과학대학교,사립,경북,6800971822,32631700,8963885865,전문대학,0,5745592.5,175,444208100,76,156708100,180,475412000,93,192712000,287500000,282700000,570200000,349420100,919620100,355
경북대학교,국공립,대구,46181847879,3923838350,64770483901,대학,0,4524820.1,3712,12197410180,2498,7113910180,3023,7041589512,743,1834590923,5083500000,5206998589,10290498589,8948501103,19238999692,6735
경북도립대학교,국공립,경북,1593666278,48760000,2432986400,전문대학,0,2459067.8,48,82653300,4,4653300,76,142825750,6,6425750,78000000,136400000,214400000,11079050,225479050,124
경북보건대학교,사립,경북,4124735812,196338000,5331441650,전문대학,0,5777034.0,118,341634500,69,169784500,261,644403247,111,234902340,171850000,409500907,581350907,404686840,986037747,379
경북전문대학교,사립,경북,9176691735,12040000,11637361446,전문대학,0,6282520.8,204,508095800,89,195995800,456,1052053259,146,291793500,312100000,760259759,1072359759,487789300,1560149059,660
경상국립대학교,국공립,경남,34997445291,1015069792,45505989873,대학,0,4095673.4,1738,4846706500,1023,2404506500,2533,5531760309,650,1276071383,2442200000,4255688926,6697888926,3680577883,10378466809,4271
경성대학교,사립,부산,29435088924,1924283160,41980207209,대학,0,7561386.3,1461,4725499300,1005,2985899300,2499,7258971127,1383,3570648299,1739600000,3688322828,5427922828,6556547599,11984470427,3960
경운대학교,사립,경북,14070681946,352983500,24972342313,대학,0,8046670.2,358,1211627700,217,723927700,775,2389690780,452,1276774100,487700000,1112916680,1600616680,2000701800,3601318480,1133
경인교육대학교,국공립,인천,3567522906,433488000,5797960960,대학,0,3493348.8,340,989387800,269,566437800,172,380876000,60,93526000,422950000,287350000,710300000,659963800,1370263800,512
경인여자대학교,사립,인천,10924811807,327026340,13853331399,전문대학,0,6971178.9,433,1384280750,351,973930750,861,2551305288,566,1446550235,410350000,1104755053,1515105053,2420480985,3935586038,1294
경일대학교,사립,경북,23059562786,1659270670,31378792675,대학,0,7997556.5,922,2815056370,661,1877106370,1206,3259148678,600,1493817487,937950000,1765331191,2703281191,3370923857,6074205048,2128
경희대학교,사립,서울,46494470493,9027216325,83830341317,대학,0,8699742.0,5950,31587658640,5016,25503690540,3530,11965425718,1931,6887491739,6083968100,5077933979,11161902079,32391182279,43553084358,9480
경희사이버대학교,사립,서울,12993867186,694976000,18196007335,대학,0,2931652.2,1221,2759824000,560,671624000,780,1712053902,347,381520558,2088200000,1330533344,3418733344,1053144558,4471877902,2001
계명대학교,사립,대구,56473631729,3726019220,83726970167,대학,0,8236598.9,2437,8858439600,1859,6102839600,3775,10812690429,2175,5398745676,2755600000,5413944753,8169544753,11501585276,19671130029,6212
계명문화대학교,사립,대구,18058607198,80436600,22137132889,전문대학,0,6510125.5,341,865633000,177,437283000,670,1568274965,235,494733860,428350000,1073541105,1501891105,932016860,2433907965,1011
계원예술대학교,사립,경기,7217294989,1320935100,10225076703,전문대학,0,8285244.2,529,1963083990,459,1456283990,708,2328391297,519,1393501297,506800000,934890000,1441690000,2849785287,4291475287,1237
고려대학교,사립,서울,46772629851,11461982940,96799653379,대학,0,9125415.0,9605,65004151200,8452,54932751200,3476,13540363474,2201,8584909975,10071400000,4955453499,15026853499,63517661175,78544514674,13081
고려사이버대학교,사립,서울,7996536100,96631000,11066597530,대학,0,2647878.4,864,2004038200,361,494488200,540,1182343200,203,220093200,1509550000,962250000,2471800000,714581400,3186381400,1404
고신대학교,사립,부산,8331220140,15907520,12064461792,대학,0,7298932.0,622,2282515000,482,1513165000,597,1562636046,297,605886046,769350000,956750000,1726100000,2119051046,3845151046,1219
광신대학교,사립,광주,1662823608,0,2222469085,대학,0,6367853.5,208,694251000,168,370301000,51,140969516,25,54369516,323950000,86600000,410550000,424670516,835220516,259
광운대학교,사립,서울,17567636290,2600009810,28149622278,대학,0,8595586.5,1559,6638219140,1311,4917719140,1157,3672905120,666,2015888440,1720500000,1657016680,3377516680,6933607580,10311124260,2716
광주과학기술원,국공립,광주,580833872,109180000,5797079435,대학,0,2060000.0,155,363153000,36,93203000,78,155941600,7,10841600,269950000,145100000,415050000,104044600,519094600,233
광주교육대학교,국공립,광주,3852410444,70301000,5618566256,대학,0,3795423.5,159,428961000,107,210811000,114,243786145,23,39584677,218150000,204201468,422351468,250395677,672747145,273
광주대학교,사립,광주,18097430192,225889133,24269564963,대학,0,7133783.6,479,1369945900,290,751745900,979,2445904087,363,915061637,618200000,1530842450,2149042450,1666807537,3815849987,1458
광주보건대학교,사립,광주,10491634811,574422800,12373568627,전문대학,0,5623590.0,247,642296600,124,283696600,756,1880050475,301,668708805,358600000,1211341670,1569941670,952405405,2522347075,1003
광주여자대학교,사립,광주,11341833990,434139100,15438100599,대학,0,6809350.9,283,839659600,199,496659600,507,1167043229,192,371661847,343000000,795381382,1138381382,868321447,2006702829,790
구미대학교,사립,경북,21754409170,9337330,30142675830,전문대학,0,6376911.6,452,1143027300,199,477777300,955,2222707922,298,654752950,665250000,1567954972,2233204972,1132530250,3365735222,1407
국립공주대학교,국공립,충남,25592441960,1553881540,34021979220,대학,0,3858703.8,1280,3529307030,921,1869757030,1421,3100013592,446,787092141,1659550000,2312921451,3972471451,2656849171,6629320622,2701
국립군산대학교,국공립,전북,14965754562,418539900,19321814315,대학,0,3891106.1,571,1511295440,338,664095440,853,1858012232,238,437562232,847200000,1420450000,2267650000,1101657672,3369307672,1424
국립금오공과대학교,국공립,경북,12402693866,613689500,15883557975,대학,0,3773623.1,540,1352256290,287,603556290,792,1733377190,211,401877190,748700000,1331500000,2080200000,1005433480,3085633480,1332
국립목포해양대학교,국공립,전남,4518364270,146160000,6337842030,대학,0,3412114.0,300,665958700,113,194558700,744,1510061900,115,182995220,471400000,1327066680,1798466680,377553920,2176020600,1044
국립부경대학교,국공립,부산,34095095889,2899458940,46037259487,대학,0,4049668.0,1303,3359044320,740,1486294320,1943,4176808276,507,920227350,1872750000,3256580926,5129330926,2406521670,7535852596,3246
국립순천대학교,국공립,전남,12779798180,1240574000,18856085743,대학,0,3970127.2,549,1333106000,270,531006000,862,1831415350,200,375831990,802100000,1455583360,2257683360,906837990,3164521350,1411
국립창원대학교,국공립,경남,16831840416,1459310050,23036121425,대학,0,3768749.5,775,2034411320,484,960361320,1082,2309914581,254,461688890,1074050000,1848225691,2922275691,1422050210,4344325901,1857
국립한국교통대학교,국공립,충북,19277672460,276705000,25580036345,대학,0,4103672.1,722,1799001290,398,790051290,1197,2570585006,312,566632908,1008950000,2003952098,3012902098,1356684198,4369586296,1919
국립한국해양대학교,국공립,부산,13476824025,675706600,18441583865,대학,0,3722953.1,786,1998413650,368,759963650,1152,2391570228,226,382035549,1238450000,2009534679,3247984679,1141999199,4389983878,1938
국민대학교,사립,서울,34094462952,5456537700,56739723104,대학,0,8616796.8,3132,15487019200,2622,12329836200,2352,7717519194,1432,4520200244,3157183000,3197318950,6354501950,16850036444,23204538394,5484
국제대학교,사립,경기,8000118493,515375267,10052723834,전문대학,0,7468045.9,329,1013445000,237,638245000,535,1418396325,278,609446325,375200000,808950000,1184150000,1247691325,2431841325,864
국제사이버대학교,사립,경기,6315037000,518547000,7972948000,대학,0,2524286.0,245,481607000,57,58707000,156,307110000,38,34860000,422900000,272250000,695150000,93567000,788717000,401
군산간호대학교,사립,전북,3097118467,269590333,3970818467,전문대학,0,6353625.0,130,357707500,59,163307500,338,875731165,155,348831165,194400000,526900000,721300000,512138665,1233438665,468
극동대학교,사립,충북,7545329509,302127100,11290077400,대학,0,7846600.1,348,1348159290,289,938359290,561,1896446270,356,1098396270,409800000,798050000,1207850000,2036755560,3244605560,909
글로벌사이버대학교,사립,충남,3672584526,18144000,4896489705,대학,0,2502176.9,249,496798950,89,76698950,93,189485000,23,19635000,420100000,169850000,589950000,96333950,686283950,342
금강대학교,사립,충남,296551338,0,768846365,대학,0,6598000.0,5,8500000,0,0,17,34182000,1,3282000,8500000,30900000,39400000,3282000,42682000,22
기독간호대학교,사립,광주,1554576665,61293090,1916844758,전문대학,0,5528712.7,66,204978170,43,96078170,133,336294202,67,129144202,108900000,207150000,316050000,225222372,541272372,199
김천대학교,사립,경북,7503359544,171124000,11359508730,대학,0,7387386.5,176,534416000,108,318016000,404,1097508500,215,478758500,216400000,618750000,835150000,796774500,1631924500,580
김포대학교,사립,경기,5217616814,360965250,7459688664,전문대학,0,7015264.2,206,669556000,164,450856000,242,791160340,179,459952000,218700000,331208340,549908340,910808000,1460716340,448
김해대학교,사립,경남,6123557352,6930000,7485129638,전문대학,0,6409703.8,296,812790000,180,398940000,541,1483955874,298,643847974,413850000,840107900,1253957900,1042787974,2296745874,837
나사렛대학교,사립,충남,14787516628,1535956170,21164632125,대학,0,7911622.7,543,1854164660,429,1323564660,1014,2994063999,653,1614962848,530600000,1379101151,1909701151,2938527508,4848228659,1557
남부대학교,사립,광주,7581719193,235472800,10401593100,대학,0,6766873.8,287,821974100,205,490824100,440,984923901,138,286823901,331150000,698100000,1029250000,777648001,1806898001,727
남서울대학교,사립,충남,23405763976,4729275850,36337338629,대학,0,8616388.3,1021,3795501410,836,2806451410,1576,4784181527,892,2656212074,989050000,2127969453,3117019453,5462663484,8579682937,2597
농협대학교,사립,경기,734650036,76928000,1100962675,전문대학,0,4982666.7,82,217528000,29,71728000,94,277762000,43,104412000,145800000,173350000,319150000,176140000,495290000,176
단국대학교,사립,경기,49699361064,6365690583,76166048653,대학,0,8842297.7,4510,20069846270,3787,15242130270,3961,12669022810,2382,7051757654,4827716000,5617265156,10444981156,22293887924,32738869080,8471
대경대학교,사립,경북,12236151329,0,16537949913,전문대학,0,6496174.3,393,986969240,205,481719240,673,1664631099,242,558199731,505250000,1106431368,1611681368,1039918971,2651600339,1066
대구가톨릭대학교,사립,경북,38338613624,323009100,50944494232,대학,0,7904801.4,1449,4922742160,1090,3235842160,2110,5640147999,1117,2610250254,1686900000,3029897745,4716797745,5846092414,10562890159,3559
대구경북과학기술원,국공립,대구,165843156,52200000,2501474825,대학,0,7934000.0,145,310286000,14,39986000,82,174397680,6,14214340,270300000,160183340,430483340,54200340,484683680,227
대구공업대학교,사립,대구,5054758726,0,6570966620,전문대학,0,6040550.6,55,113100500,15,22400500,29,58495000,7,9495000,90700000,49000000,139700000,31895500,171595500,84
대구과학대학교,사립,대구,17203950247,4599990,22528490490,전문대학,0,6305808.3,282,721137780,149,369587780,676,1739597130,306,674697130,351550000,1064900000,1416450000,1044284910,2460734910,958
대구교육대학교,국공립,대구,2334361020,297186000,3556199070,대학,0,3896000.0,261,802127530,216,478827530,130,279894750,42,70844750,323300000,209050000,532350000,549672280,1082022280,391
대구대학교,사립,경북,52816246055,491579060,68638008459,대학,0,7556022.7,1709,5731630300,1292,3942030300,3009,8270777340,1653,4079888886,1789600000,4190888454,5980488454,8021919186,14002407640,4718
대구보건대학교,사립,대구,22551242492,0,27937740888,전문대학,0,6797857.4,668,1970763000,430,1119763000,1738,4619516718,943,2072915436,851000000,2546601282,3397601282,3192678436,6590279718,2406
대구사이버대학교,사립,경북,5509528900,17120000,6609855855,대학,0,2691789.5,594,1368062000,269,352512000,190,439520591,99,111186562,1015550000,328334029,1343884029,463698562,1807582591,784
대구예술대학교,사립,경북,899602640,52752340,1127356696,대학,0,8390429.3,24,69196500,20,50196500,67,176047000,40,90997000,19000000,85050000,104050000,141193500,245243500,91
대구한의대학교,사립,경북,21875556810,76215600,32253898367,대학,0,7845054.2,806,2637901850,518,1497151850,1011,2631228559,482,1049578430,1140750000,1581650129,2722400129,2546730280,5269130409,1817
대덕대학교,사립,대전,5441308558,23403834,6893147456,전문대학,0,6268134.3,119,257398500,47,96348500,202,452679153,66,153510219,161050000,299168934,460218934,249858719,710077653,321
대동대학교,사립,부산,4298206140,79393000,5734535311,전문대학,0,6596194.4,190,530282000,120,273582000,464,1248623583,234,582373583,256700000,666250000,922950000,855955583,1778905583,654
대림대학교,사립,경기,19013566371,1627287550,26246181964,전문대학,0,7359284.1,719,2255121030,555,1462321030,1057,2910153164,687,1534948556,792800000,1375204608,2168004608,2997269586,5165274194,1776
대신대학교,사립,경북,2094462044,88669000,2885882115,대학,0,6626353.4,141,465134500,101,242984500,75,186802340,28,75869000,222150000,110933340,333083340,318853500,651936840,216
대원대학교,사립,충북,5386382729,245538330,7327877596,전문대학,0,6447452.7,224,595450000,118,277300000,440,1134338069,167,398338069,318150000,736000000,1054150000,675638069,1729788069,664
대전과학기술대학교,사립,대전,10318071772,1152978500,13420732483,전문대학,0,6424652.2,312,950554900,204,512304900,761,2073945469,419,922090312,438250000,1151855157,1590105157,1434395212,3024500369,1073
대전보건대학교,사립,대전,12170481291,658772120,15720122941,전문대학,0,6505339.1,388,1129395552,252,653545552,1025,2775459895,502,1201009895,475850000,1574450000,2050300000,1854555447,3904855447,1413
대전신학대학교,사립,대전,300541336,1200000,368776000,대학,0,6100000.0,44,171277500,38,105777500,18,53917000,8,22917000,65500000,31000000,96500000,128694500,225194500,62
대진대학교,사립,경기,19501162718,3682485500,29120483653,대학,0,8246988.5,1002,3565894250,805,2512594250,1524,4465623808,1076,2590606497,1053300000,1875017311,2928317311,5103200747,8031518058,2526
덕성여자대학교,사립,서울,11320723064,940213720,17152027475,대학,0,7810760.7,663,2506809740,555,1904926740,874,2542350353,541,1366544764,601883000,1175805589,1777688589,3271471504,5049160093,1537
동강대학교,사립,광주,7632662716,17274000,9464133502,전문대학,0,5860777.0,243,591166300,92,215716300,397,1033636000,166,374286000,375450000,659350000,1034800000,590002300,1624802300,640
동국대학교,사립,서울,45265065284,3941697780,76072851709,대학,0,8560649.0,4139,19014751450,3393,14267401450,3209,10452121764,1864,5729205323,4747350000,4722916441,9470266441,19996606773,29466873214,7348
동남보건대학교,사립,경기,11709529797,1019669000,15736031210,전문대학,0,6785908.1,623,2090821400,480,1434871400,916,2677893267,519,1485470537,655950000,1192422730,1848372730,2920341937,4768714667,1539
동덕여자대학교,사립,서울,15234863918,2500121880,24344442934,대학,0,8126346.6,914,3665250590,738,2751600590,1030,3227662003,584,1807429934,913650000,1420232069,2333882069,4559030524,6892912593,1944
동서대학교,사립,부산,28431345685,1497179750,37384960111,대학,0,7543205.4,929,2753438650,634,1764138650,2273,6409500737,1290,3128477904,989300000,3281022833,4270322833,4892616554,9162939387,3202
동서울대학교,사립,경기,15722615731,982720000,20171949602,전문대학,0,7161803.3,752,2480498000,623,1706098000,1000,2802054252,643,1418101690,774400000,1383952562,2158352562,3124199690,5282552252,1752
동신대학교,사립,전남,19069134166,5585600,25454944180,대학,0,7249025.9,609,1898409000,397,1074359000,825,2153802722,382,881052722,824050000,1272750000,2096800000,1955411722,4052211722,1434
동아대학교,사립,부산,46883375814,7700361360,66348824140,대학,0,7896057.5,2541,10486632580,1976,7688582580,3684,10997899944,2066,5674203704,2798050000,5323696240,8121746240,13362786284,21484532524,6225
동아방송예술대학교,사립,경기,9329888098,1219109000,12152781075,전문대학,0,7877335.8,473,1602062020,360,1080412020,1045,3319119459,697,1835624989,521650000,1483494470,2005144470,2916037009,4921181479,1518
동아보건대학교,사립,전남,3380494142,0,4059026670,전문대학,0,4846806.6,139,323613400,54,101313400,204,475808300,75,142908300,222300000,332900000,555200000,244221700,799421700,343
동양대학교,사립,경북,10637860573,366653350,15974708819,대학,0,7942642.8,339,1127431450,264,774981450,685,1806780586,345,870230586,352450000,936550000,1289000000,1645212036,2934212036,1024
동양미래대학교,사립,서울,17524703399,1325849538,23618814199,전문대학,0,7237317.7,761,2414025320,620,1679325320,1118,3196682532,799,1832661969,734700000,1364020563,2098720563,3511987289,5610707852,1879
동원과학기술대학교,사립,경남,8288003341,115274000,10478041818,전문대학,0,6373017.2,323,866373100,172,424873100,417,1135654873,208,445704873,441500000,689950000,1131450000,870577973,2002027973,740
동원대학교,사립,경기,10153356676,0,13181186877,전문대학,0,7343439.7,436,1244667130,297,740467130,353,939135850,198,430585850,504200000,508550000,1012750000,1171052980,2183802980,789
동의과학대학교,사립,부산,14838371665,20954600,18436651798,전문대학,0,6875240.2,348,862276200,166,347276200,850,2215198549,424,908281879,515000000,1306916670,1821916670,1255558079,3077474749,1198
동의대학교,사립,부산,39235474287,6948457920,58338448394,대학,0,7580400.9,1613,5391605000,1071,3447505000,2653,7012063665,1010,2899070877,1944100000,4112992788,6057092788,6346575877,12403668665,4266
두원공과대학교,사립,경기,5945136108,0,7621621477,전문대학,0,7019783.0,322,1004615300,263,631215300,478,1386753861,317,697553861,373400000,689200000,1062600000,1328769161,2391369161,800
디지털서울문화예술대학교,사립,서울,4668423118,105620000,6143454333,대학,0,3126349.9,277,682534900,181,279184900,356,917492954,247,364392954,403350000,553100000,956450000,643577854,1600027854,633
마산대학교,사립,경남,14849546910,646356690,19166508600,전문대학,0,6397885.8,490,1393839660,278,718589660,1159,3028487125,604,1344467125,675250000,1684020000,2359270000,2063056785,4422326785,1649
명지대학교,사립,경기,31720726451,2372225000,47871835560,대학,0,8793563.1,2900,13736479800,2390,10712946800,2420,7590498752,1456,4207606331,3023533000,3382892421,6406425421,14920553131,21326978552,5320
명지전문대학,사립,서울,20547766854,2119701633,26020423885,전문대학,0,7163968.3,738,2433698400,561,1635448400,1273,3891061410,782,2155128060,798250000,1735933350,2534183350,3790576460,6324759810,2011
목원대학교,사립,대전,21661528206,2052689320,30611706320,대학,0,7965994.0,743,2398797000,518,1571447000,1325,3700708592,594,1608732389,827350000,2091976203,2919326203,3180179389,6099505592,2068
목포가톨릭대학교,사립,전남,1711363562,30633330,2306669880,대학,0,6758000.0,21,76157400,18,50507400,94,226702417,41,84102417,25650000,142600000,168250000,134609817,302859817,115
목포과학대학교,사립,전남,10178811745,192326685,12231809332,전문대학,0,6106660.5,224,567927830,102,208977830,538,1384278362,268,537628362,358950000,846650000,1205600000,746606192,1952206192,762
문경대학교,사립,경북,2325026457,186556099,3608096932,전문대학,0,6357049.4,104,295903025,64,144953025,248,648432433,129,234163398,150950000,414269035,565219035,379116423,944335458,352
배재대학교,사립,대전,20449379472,3718407940,29089266173,대학,0,7959587.6,763,2461480000,552,1554680000,1240,3235582562,599,1363843033,906800000,1871739529,2778539529,2918523033,5697062562,2003
배화여자대학교,사립,서울,6720997822,596024970,8649188937,전문대학,0,6825818.6,279,875679200,212,616179200,448,1272432929,238,641132929,259500000,631300000,890800000,1257312129,2148112129,727
백석대학교,사립,충남,33507876352,4355165520,46081294843,대학,0,8626213.5,2796,11584214570,2427,8522264570,3171,9980074639,2037,5624436428,3061950000,4355638211,7417588211,14146700998,21564289209,5967
백석문화대학교,사립,충남,11766461979,591662300,14837163329,전문대학,0,7501632.0,469,1647686600,331,1036486600,895,2669853402,482,1330390471,611200000,1339462931,1950662931,2366877071,4317540002,1364
백제예술대학교,사립,전북,2224052626,239368800,2807685626,전문대학,0,8080685.5,142,523688200,112,367438200,192,651649877,135,372699877,156250000,278950000,435200000,740138077,1175338077,334
부산가톨릭대학교,사립,부산,11737791572,1047755000,16075350566,대학,0,7470200.0,404,1408705000,310,951455000,684,1855132621,312,845770931,457250000,1009361690,1466611690,1797225931,3263837621,1088
부산경상대학교,사립,부산,7821514553,19268000,9685530924,전문대학,0,5696012.6,122,284406000,36,97806000,210,589113414,89,237080074,186600000,352033340,538633340,334886074,873519414,332
부산과학기술대학교,사립,부산,12517137049,68846400,16430388478,전문대학,0,6595823.1,248,581516100,90,182616100,410,1000466135,180,385831572,398900000,614634563,1013534563,568447672,1581982235,658
부산교육대학교,국공립,부산,2393823680,100890000,3613922640,대학,0,3316000.0,193,570855600,148,293555600,103,205445000,23,35445000,277300000,170000000,447300000,329000600,776300600,296
부산대학교,국공립,부산,40408511768,6702957920,60134538340,대학,0,4514543.2,3773,14008955700,2716,8835805700,2982,7503803821,935,2391820899,5173150000,5111982922,10285132922,11227626599,21512759521,6755
부산디지털대학교,사립,부산,4722132937,28140000,5436341928,대학,0,2522964.0,319,674560300,87,99760300,112,227787000,28,25887000,574800000,201900000,776700000,125647300,902347300,431
부산보건대학교,사립,부산,8726625805,7497900,10557453862,전문대학,0,6614811.3,246,580889900,109,230489900,640,1447484050,258,461584050,350400000,985900000,1336300000,692073950,2028373950,886
부산여자대학교,사립,부산,6051575451,317933300,7421075585,전문대학,0,6503938.5,190,483582200,110,229432200,379,980700830,201,389650830,254150000,591050000,845200000,619083030,1464283030,569
부산예술대학교,사립,부산,2595573014,4705000,3138582115,전문대학,0,5696501.5,61,156561500,19,56061500,78,207694660,29,72694660,100500000,135000000,235500000,128756160,364256160,139
부산외국어대학교,사립,부산,16509644227,1613198820,23539128043,대학,0,7046968.4,719,2261443000,498,1357243000,1248,3150782125,507,1185710462,904200000,1965071663,2869271663,2542953462,5412225125,1967
부산장신대학교,사립,경남,564930162,918000,729173140,대학,0,6316875.0,144,550710200,123,366010200,57,184105950,33,85905950,184700000,98200000,282900000,451916150,734816150,201
부천대학교,사립,경기,23903596878,2021440375,30500573348,전문대학,0,6909184.8,879,2651164730,697,1793714730,1362,3757476578,895,1982508515,857450000,1774968063,2632418063,3776223245,6408641308,2241
사이버한국외국어대학교,사립,서울,7246550327,118648000,9573469001,대학,0,2888042.3,671,1591551900,343,470701900,362,820381210,130,166553420,1120850000,653827790,1774677790,637255320,2411933110,1033
삼육대학교,사립,서울,14612762452,1907919840,21608284524,대학,0,8537542.9,832,3299315800,674,2494365800,899,2436054913,506,1222134956,804950000,1213919957,2018869957,3716500756,5735370713,1731
삼육보건대학교,사립,서울,3141795818,294695880,4176811591,전문대학,0,6296214.5,148,445207530,119,307707530,296,789774560,164,404474560,137500000,385300000,522800000,712182090,1234982090,444
상명대학교,사립,서울,29168512412,3545390600,44656668211,대학,0,8596065.1,1947,8619062100,1609,6701462100,2125,6369273327,1295,3591931291,1917600000,2777342036,4694942036,10293393391,14988335427,4072
상지대학교,사립,강원,13285728486,1689069050,20756493444,대학,0,8112354.0,809,2927191014,590,1941191014,1244,4022689982,753,2217925489,986000000,1804764493,2790764493,4159116503,6949880996,2053
서강대학교,사립,서울,12706119956,5114340200,25739870968,대학,0,8698676.8,3394,22814501700,3040,19206701700,1095,3823878168,529,2147747955,3607800000,1676130213,5283930213,21354449655,26638379868,4489
서경대학교,사립,서울,15041799325,3333695400,23895424006,대학,0,8688695.9,1012,3925361000,854,2977711000,1143,3625182584,842,2237832584,947650000,1387350000,2335000000,5215543584,7550543584,2155
서영대학교,사립,광주,16366764251,57848334,19291392552,전문대학,0,6027954.0,608,1508873460,302,632473460,847,2051242919,334,690949467,876400000,1360293452,2236693452,1323422927,3560116379,1455
서울과학기술대학교,국공립,서울,19368652341,2075685510,31205737972,대학,0,5494477.2,1399,4673987120,981,2875737120,1306,3456945989,598,1456641480,1798250000,2000304509,3798554509,4332378600,8130933109,2705
서울교육대학교,국공립,서울,1721934776,156187000,2664739655,대학,0,3256000.0,244,726278000,211,436978000,91,215584000,42,60334000,289300000,155250000,444550000,497312000,941862000,335
서울기독대학교,사립,서울,865272512,35070300,2072223830,대학,0,8139117.6,87,326649300,68,208149300,73,221675219,43,116333820,118500000,105341399,223841399,324483120,548324519,160
서울대학교,국공립,서울,24052559368,4985516593,55264819196,대학,0,6091815.7,4637,20978136430,3555,15137586430,1559,5077449177,789,2637349177,5840550000,2440100000,8280650000,17774935607,26055585607,6196
서울디지털대학교,사립,서울,11737467400,202567200,17371358750,대학,0,2311658.9,1287,2799521550,555,456721550,624,1371936534,278,231400700,2342800000,1140535834,3483335834,688122250,4171458084,1911
서울사이버대학교,사립,서울,19256855250,91856700,27666384213,대학,0,2850600.1,1832,4261736000,819,1157786000,1030,2326595082,430,504661390,3103950000,1821933692,4925883692,1662447390,6588331082,2862
서울시립대학교,국공립,서울,12894619256,1214705750,20394425532,대학,0,2530265.8,1623,5459930300,1107,3189545200,1290,2783785220,316,484635220,2270385100,2299150000,4569535100,3674180420,8243715520,2913
서울신학대학교,사립,경기,8305936518,975205100,10505888245,대학,0,7676276.8,618,2581808500,536,1900958500,627,1924569818,406,1065936759,680850000,858633059,1539483059,2966895259,4506378318,1245
서울여자간호대학교,사립,서울,1853933698,280512067,2690290412,전문대학,0,6963750.0,109,357901400,84,236401400,278,786312413,171,408312413,121500000,378000000,499500000,644713813,1144213813,387
서울여자대학교,사립,서울,16616956292,3548323980,25528477816,대학,0,8244464.4,767,2899253770,623,2199703770,1009,2932921653,578,1575904685,699550000,1357016968,2056566968,3775608455,5832175423,1776
서울예술대학교,사립,경기,8563766716,1295883300,12508086343,전문대학,0,8694943.4,589,2274820300,429,1548320300,1215,4423611330,851,2643427990,726500000,1780183340,2506683340,4191748290,6698431630,1804
서울장신대학교,사립,경기,1046324310,71147000,1561503635,대학,0,7781326.9,221,890161000,186,589711000,105,357202152,71,194002152,300450000,163200000,463650000,783713152,1247363152,326
서울한영대학교,사립,서울,1951052128,97999000,2416750250,대학,0,7245388.9,102,396221200,94,276521200,125,334706400,89,185756400,119700000,148950000,268650000,462277600,730927600,227
서원대학교,사립,충북,20740102888,526439640,30396300966,대학,0,7574190.5,581,1744928700,424,1130128700,1091,2818293006,627,1293352082,614800000,1524940924,2139740924,2423480782,4563221706,1672
서일대학교,사립,서울,15276099329,1165332022,20828859640,전문대학,0,6909536.0,787,2579872560,640,1798322560,1202,3360284452,821,1850053492,781550000,1510230960,2291780960,3648376052,5940157012,1989
서정대학교,사립,경기,22035640348,8358000,36065878205,전문대학,0,6310353.4,537,1398207590,275,632957590,561,1495839038,313,630447366,765250000,865391672,1630641672,1263404956,2894046628,1098
선린대학교,사립,경북,6131239945,174319700,7746827210,전문대학,0,6301218.6,140,346951500,59,133951500,342,870058349,125,310175009,213000000,559883340,772883340,444126509,1217009849,482
선문대학교,사립,충남,24565289317,2747928800,36563038445,대학,0,8244256.0,900,3256374120,667,2263424120,1663,4810705137,861,2494978457,992950000,2315726680,3308676680,4758402577,8067079257,2563
성결대학교,사립,경기,12821131995,163273000,18678736589,대학,0,7857086.3,795,2902010910,685,2184860910,1079,3301039495,795,1987289495,717150000,1313750000,2030900000,4172150405,6203050405,1874
성공회대학교,사립,서울,6734950645,822488030,9181954284,대학,0,7626671.5,347,1274287775,274,920187775,368,928284603,188,412788744,354100000,515495859,869595859,1332976519,2202572378,715
성균관대학교,사립,서울,31566702056,8108184100,65103841772,대학,0,9145523.9,7036,47203355730,6236,39957155730,2355,9543612519,1502,6205384627,7246200000,3338227892,10584427892,46162540357,56746968249,9391
성신여자대학교,사립,서울,20603194379,3148177250,34697642139,대학,0,8437832.3,1226,5188504100,992,4047236000,1216,3885785329,681,2198293779,1141268100,1687491550,2828759650,6245529779,9074289429,2442
성운대학교,사립,경북,5814963810,0,6960085400,전문대학,0,5467121.3,70,173229400,26,64729400,16,45314000,8,22314000,108500000,23000000,131500000,87043400,218543400,86
세경대학교,사립,강원,2751639753,109124850,3665401131,전문대학,0,5372224.4,50,120796900,16,38996900,87,221079100,39,80129100,81800000,140950000,222750000,119126000,341876000,137
세명대학교,사립,충북,18430234736,245832800,27135544315,대학,0,7503323.4,706,2244462600,490,1381862600,1328,3598243057,725,1590379321,862600000,2007863736,2870463736,2972241921,5842705657,2034
세종사이버대학교,사립,서울,16853543703,10600000,20945861579,대학,0,2920578.9,1251,2657710000,463,547460000,692,1446719340,229,249261000,2110250000,1197458340,3307708340,796721000,4104429340,1943
세한대학교,사립,전남,10873957426,2993323500,15689289604,대학,0,8013059.4,312,933482250,165,527082250,437,1416716146,252,753662954,406400000,663053192,1069453192,1280745204,2350198396,749
송곡대학교,사립,강원,1885095409,23321018,2541742406,전문대학,0,5619869.9,104,274296085,56,130496085,111,279524456,53,123124456,143800000,156400000,300200000,253620541,553820541,215
송원대학교,사립,광주,8998284248,0,12910635151,대학,0,7106105.0,189,488553800,91,208203800,353,849431611,150,295042640,280350000,554388971,834738971,503246440,1337985411,542
송호대학교,사립,강원,2804236498,3760000,3542906073,전문대학,0,6038419.6,152,449533950,98,226883950,180,525269300,92,220669300,222650000,304600000,527250000,447553250,974803250,332
수성대학교,사립,대구,12329601384,24878000,15925474730,전문대학,0,6388042.7,263,643320000,95,222520000,472,1144620680,191,390054000,420800000,754566680,1175366680,612574000,1787940680,735
수원과학대학교,사립,경기,6422453920,446417500,8515467444,전문대학,0,6011130.5,340,988622000,229,574422000,536,1440341636,287,649291247,414200000,791050389,1205250389,1223713247,2428963636,876
수원대학교,사립,경기,19062589249,2994113000,31646858717,대학,0,8195102.4,1075,3860912000,807,2655862000,1284,3980944563,736,2234768011,1205050000,1746176552,2951226552,4890630011,7841856563,2359
수원여자대학교,사립,경기,9234750900,1052513867,12401768746,전문대학,0,7213277.4,415,1347041720,325,930391720,770,2218135221,474,1196776641,416650000,1021358580,1438008580,2127168361,3565176941,1185
숙명여자대학교,사립,서울,21027099188,4000885400,37266114624,대학,0,8825485.2,2451,12074681960,2159,9795498960,1427,5004663642,886,3070658742,2279183000,1934004900,4213187900,12866157702,17079345602,3878
순복음총회신학교,사립,충북,449260000,0,545410000,대학,0,6243103.4,22,70430000,14,32180000,19,65860000,14,36460000,38250000,29400000,67650000,68640000,136290000,41
순천향대학교,사립,충남,28501380864,2667226000,43959133744,대학,0,8540656.9,1176,4349984500,869,3049201500,1854,5339452008,931,2732551020,1300783000,2606900988,3907683988,5781752520,9689436508,3030
숭실대학교,사립,서울,28208743304,2245337000,47295097252,대학,0,8643438.3,2893,13871105300,2426,10802196500,1982,6310749875,1263,3705699875,3068908800,2605050000,5673958800,14507896375,20181855175,4875
숭실사이버대학교,사립,서울,9464162237,1034783000,14230790237,대학,0,2772244.9,737,1611935000,273,293385000,306,659065982,123,129665982,1318550000,529400000,1847950000,423050982,2271000982,1043
숭의여자대학교,사립,서울,8195808946,623040854,10915944203,전문대학,0,6587312.7,337,1052185650,254,687185650,485,1337902104,286,677735170,365000000,660166934,1025166934,1364920820,2390087754,822
신구대학교,사립,경기,17404202025,1944395590,23132255675,전문대학,0,7227605.5,768,2505983100,591,1702983100,1340,3780533648,778,1957247786,803000000,1823285862,2626285862,3660230886,6286516748,2108
신라대학교,사립,부산,21006608940,1101497880,27686176338,대학,0,7298401.8,904,2841904240,661,1762704240,1456,4005453004,794,1903070198,1079200000,2102382806,3181582806,3665774438,6847357244,2360
신성대학교,사립,충남,8010228488,213396101,10347635940,전문대학,0,6915858.1,344,1071320000,203,574420000,643,1793125015,304,788725015,496900000,1004400000,1501300000,1363145015,2864445015,987
신안산대학교,사립,경기,5510025054,2582200,8942966273,전문대학,0,7253397.8,209,618853500,142,396003500,279,737869605,162,359869605,222850000,378000000,600850000,755873105,1356723105,488
신한대학교,사립,경기,18835101642,2145501786,27399613195,대학,0,9187366.5,1011,4107262360,892,3234562360,1656,5848262704,1288,4037421153,872700000,1810841551,2683541551,7271983513,9955525064,2667
아신대학교,사립,경기,1075821480,1140000,1456549490,대학,0,6900000.0,278,1073800000,252,685300000,123,376433247,84,195033247,388500000,181400000,569900000,880333247,1450233247,401
아주대학교,사립,경기,20549030008,2202459850,33881462317,대학,0,9093154.8,3075,14304832250,2617,10922882250,1699,5592034364,1124,3240364761,3381950000,2351669603,5733619603,14163247011,19896866614,4774
아주자동차대학교,사립,충남,894859750,193520000,1758168030,전문대학,0,7204000.0,60,185850000,43,106750000,67,202820000,39,96820000,79100000,106000000,185100000,203570000,388670000,127
안동과학대학교,사립,경북,6214318865,15572000,8206602093,전문대학,0,5939264.6,200,540337900,97,241937900,436,1130227851,210,442477851,298400000,687750000,986150000,684415751,1670565751,636
안양대학교,사립,경기,12709649900,1219359000,18027042578,대학,0,8369570.6,664,2430796650,591,1845446650,928,2892567362,693,1854817362,585350000,1037750000,1623100000,3700264012,5323364012,1592
여주대학교,사립,경기,8410410937,438098700,11548910721,전문대학,0,7519321.8,385,1276854130,282,825154130,706,2054898592,443,1057898592,451700000,997000000,1448700000,1883052722,3331752722,1091
연성대학교,사립,경기,17429796259,1454204500,23236174920,전문대학,0,7086392.6,604,1952612000,465,1343812000,1040,2868613758,589,1561148368,608800000,1307465390,1916265390,2904960368,4821225758,1644
연세대학교,사립,서울,47776857337,14509817368,97485820452,대학,0,9745809.0,10131,61469580085,9091,51042530085,3832,13837447077,2230,8150350121,10427050000,5687096956,16114146956,59192880206,75307027162,13963
연암공과대학교,사립,경남,3233148868,327810000,4427791532,전문대학,0,5568095.9,73,180018660,31,76768660,174,417162510,48,124145830,103250000,293016680,396266680,200914490,597181170,247
연암대학교,사립,충남,4499365708,224234300,5507073675,전문대학,0,6283484.2,124,396811460,90,250311460,212,543450314,102,232500314,146500000,310950000,457450000,482811774,940261774,336
영남대학교,사립,경북,61109158741,4203336300,86583959963,대학,0,8072811.3,2684,9966364880,1967,6787064880,3471,9861394675,1657,4765041328,3179300000,5096353347,8275653347,11552106208,19827759555,6155
영남신학대학교,사립,경북,1462872302,150638000,1815807630,대학,0,6812000.0,146,558188100,110,316188100,73,239286500,38,113336500,242000000,125950000,367950000,429524600,797474600,219
영남외국어대학,사립,경북,824686660,12360000,2353022660,전문대학,0,5505204.2,24,33990000,14,17990000,24,65580000,12,24330000,16000000,41250000,57250000,42320000,99570000,48
영남이공대학교,사립,대구,19756351142,0,26034798030,전문대학,0,6688516.2,470,1176341000,235,569891000,1038,2627314748,430,1027126503,606450000,1600188245,2206638245,1597017503,3803655748,1508
영진사이버대학교,사립,대구,6483709400,46757700,7460586050,전문대학,0,2498803.1,301,628208700,86,96458700,157,344117680,51,58051000,531750000,286066680,817816680,154509700,972326380,458
영진전문대학교,사립,대구,25234564742,235784500,31697863380,전문대학,0,6757226.4,714,1862462350,383,854112350,1129,2819635990,452,985802650,1008350000,1833833340,2842183340,1839915000,4682098340,1843
예수대학교,사립,전북,1430386632,125057000,1850899675,대학,0,7491000.0,32,97816000,21,63716000,93,257678000,54,134178000,34100000,123500000,157600000,197894000,355494000,125
예원예술대학교,사립,전북,2182688384,116419000,3737027520,대학,0,8879588.7,135,531003300,116,394253300,191,683720980,148,456520980,136750000,227200000,363950000,850774280,1214724280,326
오산대학교,사립,경기,11609267544,5196000,15253208203,전문대학,0,7075413.7,462,1481550710,363,1008950710,689,1932817116,420,1033667116,472600000,899150000,1371750000,2042617826,3414367826,1151
용인대학교,사립,경기,15611424928,1308202800,21573193510,대학,0,8424516.6,1096,4497374000,899,3405324000,1342,4492426254,921,2814593520,1092050000,1677832734,2769882734,6219917520,8989800254,2438
용인예술과학대학교,사립,경기,6755039702,0,8864296375,전문대학,0,7453471.8,341,1154038000,275,817738000,574,1591196393,382,830950720,336300000,760245673,1096545673,1648688720,2745234393,915
우석대학교,사립,전북,19866566053,608034820,26857797942,대학,0,7519491.2,874,3048591430,605,1909791430,1135,3243120169,630,1549744787,1138800000,1693375382,2832175382,3459536217,6291711599,2009
우송대학교,사립,대전,27296569575,759642540,41788761782,대학,0,7817764.1,721,2460459700,530,1672209700,1654,4560176360,1040,2279326360,788250000,2280850000,3069100000,3951536060,7020636060,2375
우송정보대학,사립,대전,11134364033,0,13679458591,전문대학,0,6636858.1,234,602723100,131,271223100,527,1292317118,227,459067877,331500000,833249241,1164749241,730290977,1895040218,761
울산과학기술원,국공립,울산,2931286542,52552000,12728147295,대학,0,6567981.0,453,1321140000,164,585390000,168,346223660,11,33173660,735750000,313050000,1048800000,618563660,1667363660,621
울산과학대학교,사립,울산,12601653312,906028300,16645593367,전문대학,0,6701181.8,492,1383026000,290,778476000,700,1838687014,304,733991155,604550000,1104695859,1709245859,1512467155,3221713014,1192
웅지세무대학교,사립,경기,439063320,64050000,947631320,전문대학,0,6960000.0,15,22940000,7,10440000,29,71010000,7,19510000,12500000,51500000,64000000,29950000,93950000,44
원광대학교,사립,전북,35118756883,3763668901,50363170102,대학,0,8097126.7,1720,7091797600,1199,4805797600,2087,5834926271,844,2481993334,2286000000,3352932937,5638932937,7287790934,12926723871,3807
원광디지털대학교,사립,전북,8402333560,265876000,10866595740,대학,0,2735094.3,679,1509507000,257,322957000,175,385128000,74,84728000,1186550000,300400000,1486950000,407685000,1894635000,854
원광보건대학교,사립,전북,13504370623,182927175,17215009747,전문대학,0,6668343.3,310,782942900,149,356092900,978,2416865950,437,946532610,426850000,1470333340,1897183340,1302625510,3199808850,1288
위덕대학교,사립,경북,7112479637,8323000,10285635601,대학,0,7312525.9,201,599508750,131,336408750,297,711059839,145,303613650,263100000,407446189,670546189,640022400,1310568589,498
유원대학교,사립,충북,11377984128,18140000,25406860288,대학,0,7193377.1,254,696444600,126,332194600,464,1257607900,255,543007900,364250000,714600000,1078850000,875202500,1954052500,718
유한대학교,사립,경기,12256710811,1127750200,15996396436,전문대학,0,6756634.8,518,1607509700,396,1084759700,832,2272255342,481,1139061643,522750000,1133193699,1655943699,2223821343,3879765042,1350
을지대학교,사립,대전,11612466294,3674104300,18769868329,대학,0,9247499.6,605,2418309700,508,1886559700,773,2505352985,482,1596488022,531750000,908864963,1440614963,3483047722,4923662685,1378
이화여자대학교,사립,서울,26977766814,11857231326,56816775931,대학,0,9311388.0,4500,25190343530,4058,20895910530,1914,7105723500,1130,4407481384,4294433000,2698242116,6992675116,25303391914,32296067030,6414
인덕대학교,사립,서울,16310618817,2024428170,20614258405,전문대학,0,7170128.5,690,2259599330,545,1585199330,1273,3773233705,841,2140383705,674400000,1632850000,2307250000,3725583035,6032833035,1963
인제대학교,사립,경남,21325634794,2389231600,29815087765,대학,0,7926630.2,1085,3753140200,837,2432240200,1627,4587924621,943,2199837212,1320900000,2388087409,3708987409,4632077412,8341064821,2712
인천대학교,국공립,인천,26412216855,2218828667,37440493078,대학,0,4650414.5,1310,3941458390,856,2235908390,1851,4199537969,658,1250561289,1705550000,2948976680,4654526680,3486469679,8140996359,3161
인하공업전문대학,사립,인천,20747832724,1412476380,28982779296,전문대학,0,7318815.2,874,2866250800,643,1897100800,1316,3696267297,690,1788643374,969150000,1907623923,2876773923,3685744174,6562518097,2190
인하대학교,사립,인천,38886988719,4527459000,61359069359,대학,0,8490347.9,3419,13525576100,2640,9613393100,2860,7901756134,1514,3819696800,3912183000,4082059334,7994242334,13433089900,21427332234,6279
장로회신학대학교,사립,서울,2089279948,92948000,2791650905,대학,0,7308300.0,867,4342346160,747,3298846160,353,1282053668,221,738062507,1043500000,543991161,1587491161,4036908667,5624399828,1220
재능대학교,사립,인천,9274732798,783733389,12333988145,전문대학,0,7199291.8,433,1392756110,303,906006110,587,1602003950,332,744040001,486750000,857963949,1344713949,1650046111,2994760060,1020
전남과학대학교,사립,전남,11335171573,151970000,13257904087,전문대학,0,5493549.3,249,555683000,76,179183000,427,985420000,128,322470000,376500000,662950000,1039450000,501653000,1541103000,676
전남대학교,국공립,광주,40427465968,3251468320,58416519402,대학,0,4198425.5,2659,9316824180,1788,5567524180,2805,6594604179,775,1830301074,3749300000,4764303105,8513603105,7397825254,15911428359,5464
전남도립대학교,국공립,전남,1482233612,0,2108041405,전문대학,0,1962652.2,53,107118000,13,12518000,54,105833000,8,7833000,94600000,98000000,192600000,20351000,212951000,107
전북과학대학교,사립,전북,6198568609,62387000,7459259898,전문대학,0,5403179.4,162,402526600,47,120426600,261,628015800,70,184265800,282100000,443750000,725850000,304692400,1030542400,423
전북대학교,국공립,전북,39185682710,4422018640,53677932423,대학,0,4461484.3,2299,7519573300,1551,4365723300,2423,5671254802,712,1599891023,3153850000,4071363779,7225213779,5965614323,13190828102,4722
전주교육대학교,국공립,전북,1221073435,81263000,1667174845,대학,0,3646000.0,68,169922000,38,71672000,83,153070000,8,13514000,98250000,139556000,237806000,85186000,322992000,151
전주기전대학,사립,전북,6992677412,0,9947327470,전문대학,0,6800000.0,141,357145830,61,163745830,203,531032948,82,185732948,193400000,345300000,538700000,349478778,888178778,344
전주대학교,사립,전북,32208647253,3266757886,44117634272,대학,0,7543384.2,1080,3652072240,776,2372422240,1808,4809168917,807,2048419712,1279650000,2760749205,4040399205,4420841952,8461241157,2888
전주비전대학교,사립,전북,10174315290,0,12653440975,전문대학,0,6728959.0,262,707941100,150,354641100,606,1452439550,270,490156200,353300000,962283350,1315583350,844797300,2160380650,868
제주관광대학교,사립,제주,5077704759,0,5938775742,전문대학,0,5475138.5,100,253015500,40,94115500,200,472487000,74,162787000,158900000,309700000,468600000,256902500,725502500,300
제주국제대학교,사립,제주,121006036,46800000,829500560,대학,0,5819108.1,31,96010000,25,53210000,5,8500000,0,0,42800000,8500000,51300000,53210000,104510000,36
제주대학교,국공립,제주,20280733019,1641875970,27177775706,대학,0,4060630.6,1261,4034373800,860,2215773800,1202,2792423110,371,805688431,1818600000,1986734679,3805334679,3021462231,6826796910,2463
제주한라대학교,사립,제주,11033947840,9040000,13285697155,전문대학,0,5618737.1,305,849813000,189,465363000,638,1658443790,285,672943790,384450000,985500000,1369950000,1138306790,2508256790,943
조선간호대학교,사립,광주,1842357568,163106500,2301457770,전문대학,0,5477556.7,81,199328750,37,88578750,187,469653000,92,166303000,110750000,303350000,414100000,254881750,668981750,268
조선대학교,사립,광주,48480234460,4562616600,67271271120,대학,0,7718958.2,1847,6519313460,1268,4293013460,2807,7821616943,1340,3585897337,2226300000,4235719606,6462019606,7878910797,14340930403,4654
조선이공대학교,사립,광주,8099033350,4448166,10285526958,전문대학,0,5951378.2,215,492907500,83,165457500,403,893617692,111,223848750,327450000,669768942,997218942,389306250,1386525192,618
중부대학교,사립,충남,19930365280,1929028500,29467560845,대학,0,7846832.5,1018,3399481490,853,2256231490,1385,3806460142,833,1891015497,1143250000,1915444645,3058694645,4147246987,7205941632,2403
중앙대학교,사립,서울,45332366376,16965651150,82149216925,대학,0,8796904.4,5071,27309933390,4149,21861533390,3172,10414380253,1672,5564146913,5448400000,4850233340,10298633340,27425680303,37724313643,8243
중원대학교,사립,충북,9087657303,0,19065380412,대학,0,7659699.5,326,979785700,138,497435700,543,1441464670,245,609898000,482350000,831566670,1313916670,1107333700,2421250370,869
진주교육대학교,국공립,경남,2264500352,213963000,3337101170,대학,0,3778500.0,91,221080400,50,87480400,107,233178000,20,33628000,133600000,199550000,333150000,121108400,454258400,198
진주보건대학교,사립,경남,7967586344,524531800,9884414529,전문대학,0,6726579.9,258,735271800,156,409621800,639,1664190254,288,671140254,325650000,993050000,1318700000,1080762054,2399462054,897
차의과학대학교,사립,경기,6872572060,982830950,9843910131,대학,0,7762597.4,979,5341835800,891,4294535800,492,1671676415,287,948381965,1047300000,723294450,1770594450,5242917765,7013512215,1471
창신대학교,사립,경남,5562085666,346325100,8062068945,대학,0,6964561.1,182,484344200,104,236944200,247,587439140,97,203505800,247400000,383933340,631333340,440450000,1071783340,429
창원문성대학교,사립,경남,2868476318,0,3506021795,전문대학,0,6502184.0,123,314408000,69,165408000,193,514042000,101,235442000,149000000,278600000,427600000,400850000,828450000,316
청강문화산업대학교,사립,경기,10863559626,1588439086,14557158551,전문대학,0,8073243.3,467,1639355660,355,1141505660,845,2562512710,453,1297426876,497850000,1265085834,1762935834,2438932536,4201868370,1312
청암대학교,사립,전남,6211655050,3900000,7984718509,전문대학,0,6217559.3,122,322575500,67,149525500,296,786592510,136,308642510,173050000,477950000,651000000,458168010,1109168010,418
청운대학교,사립,충남,21139346130,556910500,28095808243,대학,0,8000799.0,740,2260820200,519,1417620200,831,2206639984,405,1033358347,843200000,1173281637,2016481637,2450978547,4467460184,1571
청주대학교,사립,충북,28781701556,5619752140,44492459515,대학,0,8319491.0,1197,4262290680,934,2945390680,1761,5052579005,1120,2610629005,1316900000,2441950000,3758850000,5556019685,9314869685,2958
초당대학교,사립,전남,7664025152,226529750,11923383402,대학,0,7231632.4,217,908698980,131,622848980,522,1859769420,260,1073380520,285850000,786388900,1072238900,1696229500,2768468400,739
총신대학교,사립,서울,4812856508,548602000,6354207349,대학,0,7556237.0,1121,4769478750,963,3395578750,675,2340461528,468,1329459248,1373900000,1011002280,2384902280,4725037998,7109940278,1796
추계예술대학교,사립,서울,2570709978,398432000,3787086680,대학,0,9898886.0,269,1242599060,230,964399060,304,1128951920,217,698201920,278200000,430750000,708950000,1662600980,2371550980,573
춘천교육대학교,국공립,강원,2212622106,161415000,2864006050,대학,0,3601590.4,98,246952500,58,98152500,102,223851500,24,38101500,148800000,185750000,334550000,136254000,470804000,200
춘해보건대학교,사립,울산,8230953897,463118500,10005880005,전문대학,0,6647074.6,286,858338660,196,468988660,736,1908993779,393,821293779,389350000,1087700000,1477050000,1290282439,2767332439,1022
충남대학교,국공립,대전,29669075804,3272480930,43638538434,대학,0,4401836.0,2439,8230817250,1686,4884617250,2124,5107965649,650,1593643781,3346200000,3514321868,6860521868,6478261031,13338782899,4563
충남도립대학교,국공립,충남,1846035098,275452000,3885646444,전문대학,0,2460813.7,55,109647000,28,33847000,106,221867500,35,42367500,75800000,179500000,255300000,76214500,331514500,161
충북대학교,국공립,충북,25880447156,1271221000,38061483280,대학,0,4305681.0,1797,5796294310,1252,3294744310,1716,4250227113,600,1397310433,2501550000,2852916680,5354466680,4692054743,10046521423,3513
충북도립대학교,국공립,충북,1330986642,0,1919043283,전문대학,0,1873069.8,33,71483000,23,21583000,47,100112980,24,21062980,49900000,79050000,128950000,42645980,171595980,80
충북보건과학대학교,사립,충북,6619029926,95062400,8939776939,전문대학,0,6723179.0,216,609131900,141,344581900,376,1022923960,196,474323960,264550000,548600000,813150000,818905860,1632055860,592
충청대학교,사립,충북,8370892085,548498620,11629662810,전문대학,0,6323805.7,261,732027000,155,395327000,399,1066477685,187,460541851,336700000,605935834,942635834,855868851,1798504685,660
칼빈대학교,사립,경기,960936432,1500000,2902386060,대학,0,8030000.0,157,607435000,138,398285000,64,184600000,41,98750000,209150000,85850000,295000000,497035000,792035000,221
평택대학교,사립,경기,8531670480,916409000,12342047520,대학,0,8198774.1,573,2193356150,485,1598256150,566,1751892299,389,1009758959,595100000,742133340,1337233340,2608015109,3945248449,1139
포항공과대학교,사립,경북,4246467213,48472800,11164528477,대학,0,5613500.0,682,3261842000,525,2361692000,171,650627000,103,425127000,900150000,225500000,1125650000,2786819000,3912469000,853
포항대학교,사립,경북,5876548569,1166800,7393888887,전문대학,0,6575609.6,220,600123000,129,298873000,418,1057320451,208,370420451,301250000,686900000,988150000,669293451,1657443451,638
한경국립대학교,국공립,경기,11961298304,425393430,16318842120,대학,0,4021297.0,460,1193308350,271,567508350,617,1317608460,166,319685730,625800000,997922730,1623722730,887194080,2510916810,1077
한국과학기술원,국공립,대전,4791686714,505632740,28234464377,대학,0,6866000.0,1832,11554320000,1443,9053720000,260,605100000,119,125600000,2500600000,479500000,2980100000,9179320000,12159420000,2092
한국관광대학교,사립,경기,3430851935,58765000,4562224173,전문대학,0,6832009.8,116,354040150,80,218140150,205,540771310,97,227671310,135900000,313100000,449000000,445811460,894811460,321
한국교원대학교,국공립,충북,4196024367,499829900,6351229650,대학,0,3456068.7,552,1712469900,475,1057869900,213,481295425,60,121195425,654600000,360100000,1014700000,1179065325,2193765325,765
한국기술교육대학교,사립,충남,8778099399,141044410,15536880063,대학,0,4475287.1,308,835706920,179,407356920,354,744955304,76,139555304,428350000,605400000,1033750000,546912224,1580662224,662
한국농수산대학교,국공립,전북,174818800,0,174818800,전문대학,0,0.0,20,42275000,3,4275000,44,89550000,4,5700000,38000000,83850000,121850000,9975000,131825000,64
한국방송통신대학교,국공립,서울,13157412514,745391900,22882242229,대학,0,762435.9,5143,10900179730,2402,1299529730,2531,5201851328,1232,498266176,9600650000,4703585152,14304235152,1797795906,16102031058,7674
한국복지사이버대학교,사립,경북,3560665000,25830000,5242231000,전문대학,0,2196000.0,156,277404000,33,24404000,45,90454420,17,12954420,253000000,77500000,330500000,37358420,367858420,201
한국성서대학교,사립,서울,3214307172,56640000,4374722229,대학,0,7506665.2,213,789473000,184,554023000,273,746368775,173,411499825,235450000,334868950,570318950,965522825,1535841775,486
한국승강기대학교,사립,경남,1971713132,155807800,2611759150,전문대학,0,7221135.9,41,103299000,23,57349000,78,217408160,42,100108160,45950000,117300000,163250000,157457160,320707160,119
한국에너지공과대학교,국공립,전남,319950000,0,4376732500,대학,0,9000000.0,36,71750000,0,0,2,4000000,0,0,71750000,4000000,75750000,0,75750000,38
한국열린사이버대학교,사립,서울,7800589120,110382600,11211873610,대학,0,2423087.7,399,764414100,103,87414100,184,364932900,54,39732900,677000000,325200000,1002200000,127147000,1129347000,583
한국영상대학교,사립,세종,9728977337,571373400,12153280245,전문대학,0,6918276.8,437,1451599500,336,924649500,758,2035776904,441,850482454,526950000,1185294450,1712244450,1775131954,3487376404,1195
한국체육대학교,국공립,서울,4073762834,147812000,6496372903,대학,0,3860074.8,427,1424030820,298,849330820,369,849681245,89,197431245,574700000,652250000,1226950000,1046762065,2273712065,796
한국침례신학대학교,사립,대전,4301970899,119375300,5319422952,대학,0,5989978.1,429,1625531700,367,1051081700,343,1012043059,188,487793059,574450000,524250000,1098700000,1538874759,2637574759,772
한국폴리텍 I 대학 서울강서캠퍼스,사립,서울,399040000,10982000,519564115,전문대학,0,2494000.0,30,54917000,11,13217000,45,95305000,15,16205000,41700000,79100000,120800000,29422000,150222000,75
한국폴리텍 I 대학 서울정수캠퍼스,사립,서울,1156485811,34666600,1448198911,전문대학,0,2494000.0,93,202649830,37,43099830,162,329324000,42,49574000,159550000,279750000,439300000,92673830,531973830,255
한국폴리텍 I 대학 성남캠퍼스,사립,경기,500124340,8932000,652492340,전문대학,0,2432000.0,44,92500000,20,23500000,68,141814000,17,18564000,69000000,123250000,192250000,42064000,234314000,112
한국폴리텍 I 대학 제주캠퍼스,사립,제주,58969000,1082000,69969000,전문대학,0,2164000.0,2,3964000,2,1964000,4,7582000,1,1082000,2000000,6500000,8500000,3046000,11546000,6
한국폴리텍 II 대학 남인천캠퍼스,사립,인천,44892000,1247000,75656000,전문대학,0,2494000.0,2,4000000,0,0,6,14273519,2,2294000,4000000,11979519,15979519,2294000,18273519,8
한국폴리텍 II 대학 인천캠퍼스,사립,인천,1586866563,35229000,1983080063,전문대학,0,2494000.0,129,282549500,59,69599500,222,482590580,61,71940580,212950000,410650000,623600000,141540080,765140080,351
한국폴리텍 III 대학 강릉캠퍼스,사립,강원,131500750,5515500,164062750,전문대학,0,2526761.9,9,15716000,1,716000,9,19331500,2,1531500,15000000,17800000,32800000,2247500,35047500,18
한국폴리텍 III 대학 원주캠퍼스,사립,강원,109787000,4792000,146485000,전문대학,0,2174000.0,4,8587000,1,587000,16,30500000,0,0,8000000,30500000,38500000,587000,39087000,20
한국폴리텍 III 대학 춘천캠퍼스,사립,강원,258508000,5648000,338657000,전문대학,0,2432000.0,15,30648000,3,3648000,24,48364000,4,4864000,27000000,43500000,70500000,8512000,79012000,39
한국폴리텍 IV 대학 대전캠퍼스,사립,대전,769444000,13376000,971267450,전문대학,0,2432000.0,60,109294660,13,12794660,134,264118000,23,21968000,96500000,242150000,338650000,34762660,373412660,194
한국폴리텍 IV 대학 아산캠퍼스,사립,충남,385824001,8216000,504413001,전문대학,0,2432000.0,15,30332000,3,3132000,34,67280000,5,4580000,27200000,62700000,89900000,7712000,97612000,49
한국폴리텍 IV 대학 청주캠퍼스,사립,충북,712576000,9100000,885337000,전문대학,0,2432000.0,39,80160000,10,9160000,70,146252000,10,8052000,71000000,138200000,209200000,17212000,226412000,109
한국폴리텍 IV 대학 충남캠퍼스,사립,충남,173120000,0,248860000,전문대학,0,2164000.0,9,17000000,0,0,19,36582000,1,1082000,17000000,35500000,52500000,1082000,53582000,28
한국폴리텍 V 대학 광주캠퍼스,사립,광주,1022858667,0,1237525667,전문대학,0,2432000.0,44,75394000,9,8944000,126,252068000,24,25168000,66450000,226900000,293350000,34112000,327462000,170
한국폴리텍 V 대학 익산캠퍼스,사립,전북,89984000,1932000,115165000,전문대학,0,2432000.0,3,3716000,1,1216000,7,9500000,0,0,2500000,9500000,12000000,1216000,13216000,10
한국폴리텍 V 대학 전남캠퍼스,사립,전남,166710000,6492000,218341000,전문대학,0,2164000.0,8,13250000,0,0,15,32246000,3,3246000,13250000,29000000,42250000,3246000,45496000,23
한국폴리텍 V 대학 전북캠퍼스,사립,전북,413138000,24607500,532743000,전문대학,0,2321000.0,26,56463000,7,7963000,60,111502500,5,5802500,48500000,105700000,154200000,13765500,167965500,86
한국폴리텍 VI 대학 구미캠퍼스,사립,경북,708320001,36400000,867186001,전문대학,0,2432000.0,33,64926000,11,11376000,79,156390000,15,16740000,53550000,139650000,193200000,28116000,221316000,112
한국폴리텍 VI 대학 대구캠퍼스,사립,대구,620565336,8512000,767142336,전문대학,0,2432000.0,36,79676000,11,12376000,116,243120000,20,21320000,67300000,221800000,289100000,33696000,322796000,152
한국폴리텍 VI 대학 영남융합기술캠퍼스,사립,대구,184224000,7000000,258177000,전문대학,0,2432000.0,10,26512000,7,8512000,17,33716000,1,1216000,18000000,32500000,50500000,9728000,60228000,27
한국폴리텍 VI 대학 영주캠퍼스,사립,경북,74658000,3320000,92598000,전문대학,0,2164000.0,3,4500000,0,0,4,6582000,1,1082000,4500000,5500000,10000000,1082000,11082000,7
한국폴리텍 VII 대학 부산캠퍼스,사립,부산,946712667,50860000,1147292587,전문대학,0,2432000.0,56,113040000,15,18240000,128,249904000,19,23104000,94800000,226800000,321600000,41344000,362944000,184
한국폴리텍 VII 대학 울산캠퍼스,사립,울산,672164000,15929333,907036333,전문대학,0,2432000.0,55,120304000,20,23204000,115,212110000,10,12160000,97100000,199950000,297050000,35364000,332414000,170
한국폴리텍 VII 대학 창원캠퍼스,사립,경남,1866412000,13376000,2198211560,전문대학,0,2432000.0,88,183004000,19,23104000,198,398516000,28,31116000,159900000,367400000,527300000,54220000,581520000,286
한국폴리텍 특성화대학 로봇캠퍼스,사립,경북,230366000,1000000,271145000,전문대학,0,2164000.0,11,22828000,4,3828000,37,80934000,13,11984000,19000000,68950000,87950000,15812000,103762000,48
한국폴리텍 특성화대학 바이오캠퍼스,사립,충남,396602500,4400000,496650000,전문대학,0,2595000.0,11,19690000,4,4690000,52,98365396,3,3392500,15000000,94972896,109972896,8082500,118055396,63
한국폴리텍 특성화대학 반도체융합캠퍼스,사립,경기,364800000,1216000,473384000,전문대학,0,2432000.0,26,59224000,14,16024000,60,106594000,9,10444000,43200000,96150000,139350000,26468000,165818000,86
한국폴리텍 특성화대학 항공캠퍼스,사립,경남,337264167,0,409553667,전문대학,0,2433846.2,23,51301500,9,11751500,49,96666000,10,13766000,39550000,82900000,122450000,25517500,147967500,72
한국항공대학교,사립,경기,8808557552,1434167170,15244895175,대학,0,9210265.3,841,3779956160,718,2985406160,684,2427063519,420,1482794229,794550000,944269290,1738819290,4468200389,6207019679,1525
한남대학교,사립,대전,33531058226,3186449758,46491151779,대학,0,7869677.4,1069,3389225250,775,2220975250,1594,4234341566,774,1917481954,1168250000,2316859612,3485109612,4138457204,7623566816,2663
한동대학교,사립,경북,12458784448,975797037,17698667318,대학,0,7413037.9,530,2455025100,417,1774275100,1071,2984985027,532,1335735027,680750000,1649250000,2330000000,3110010127,5440010127,1601
한라대학교,사립,강원,8147438735,1580000,12352179562,대학,0,7767468.5,226,696225080,147,436875080,492,1390792210,284,736114930,259350000,654677280,914027280,1172990010,2087017290,718
한림대학교,사립,강원,18530356412,1543680475,27696772569,대학,0,8226649.5,883,3110953320,677,2154953320,1218,3288936186,673,1627506186,956000000,1661430000,2617430000,3782459506,6399889506,2101
한림성심대학교,사립,강원,7856973494,38170000,10093895908,전문대학,0,6250016.4,233,672046200,164,403996200,484,1247368700,252,575368700,268050000,672000000,940050000,979364900,1919414900,717
한서대학교,사립,충남,17038944374,1428699000,25832986918,대학,0,8525200.1,935,4061768730,719,3059168730,1444,5371783203,932,3404329594,1002600000,1967453609,2970053609,6463498324,9433551933,2379
한성대학교,사립,서울,17623740073,914265300,26492831358,대학,0,8033733.0,1081,4061200100,885,2968567100,1079,3231227394,652,1873127394,1092633000,1358100000,2450733000,4841694494,7292427494,2160
한세대학교,사립,경기,6983797466,1488449500,10412071990,대학,0,8859564.3,617,2704239000,563,2076489000,620,2078425529,446,1289825529,627750000,788600000,1416350000,3366314529,4782664529,1237
한신대학교,사립,경기,13186107981,1522053700,18457453964,대학,0,7892204.1,763,2553439480,622,1860289480,1049,2852133091,718,1598033080,693150000,1254100011,1947250011,3458322560,5405572571,1812
한양대학교,사립,서울,55528938642,11978880331,102965000000,대학,0,9286647.0,8365,45792397000,7083,36414314000,4215,14534342616,2364,8329899741,9378083000,6204442875,15582525875,44744213741,60326739616,12580
한양사이버대학교,사립,서울,18561503830,38784000,26133850820,대학,0,2936765.0,2122,5296334000,1078,1850384000,1213,2655608464,448,521367000,3445950000,2134241464,5580191464,2371751000,7951942464,3335
한양여자대학교,사립,서울,18039992181,1330223620,23463497155,전문대학,0,6761049.0,724,2209802600,581,1564052600,1080,2961156669,660,1573949039,645750000,1387207630,2032957630,3138001639,5170959269,1804
한영대학교,사립,전남,3298890624,26400000,4129483265,전문대학,0,6185299.1,162,437758000,88,193108000,209,511807546,89,175920046,244650000,335887500,580537500,369028046,949565546,371
한일장신대학교,사립,전북,2484763574,15080000,3632525397,대학,0,6852602.7,148,454465000,92,244315000,135,359154490,62,144719741,210150000,214434749,424584749,389034741,813619490,283
협성대학교,사립,경기,9528265624,1463215124,13592547291,대학,0,8135252.7,499,1847407250,409,1309057250,724,2128225661,456,1217575661,538350000,910650000,1449000000,2526632911,3975632911,1223
혜전대학교,사립,충남,7621661668,542877665,11039397527,전문대학,0,6323583.0,271,761613100,144,380413100,555,1510344928,254,661344928,381200000,849000000,1230200000,1041758028,2271958028,826
호남대학교,사립,광주,19582713788,587983300,26828664218,대학,0,6788793.8,534,1610109900,355,955859900,963,2364688576,401,865738576,654250000,1498950000,2153200000,1821598476,3974798476,1497
호남신학대학교,사립,광주,1754111855,900000,2274507323,대학,0,6973029.8,141,537445500,110,341245500,72,232940300,46,121140300,196200000,111800000,308000000,462385800,770385800,213
호산대학교,사립,경북,5702815466,0,8078326110,전문대학,0,6196261.2,175,481073610,89,216473610,409,1153361367,240,509019930,264600000,644341437,908941437,725493540,1634434977,584
호서대학교,사립,충남,31095695487,4015463900,47505272182,대학,0,8412408.0,1923,7514605700,1606,5601505700,2283,7079067132,1448,3921949662,1913100000,3157117470,5070217470,9523455362,14593672832,4206
호원대학교,사립,전북,16166702366,41075000,22422425790,대학,0,7501238.6,652,1963448000,411,1143548000,956,2773451673,543,1333868333,819900000,1439583340,2259483340,2477416333,4736899673,1608
홍익대학교,사립,서울,37581681490,9941625920,75731014441,대학,0,9152336.8,4266,22567052200,3535,18138252200,2735,8849556748,1412,4907137713,4428800000,3942419035,8371219035,23045389913,31416608948,7001
화신사이버대학교,사립,부산,5067608358,194104500,5696989620,대학,0,2515636.4,130,231550000,14,9550000,48,84650000,8,5250000,222000000,79400000,301400000,14800000,316200000,178
