학교명,설립별,지역별,학제별,평균등록금(원),장학금_총계,총_대출_학생수,총_대출_금액,총_등록금대출_금액
ICT폴리텍대학,사립,경기,전문대학,2500000.0,660275000,43,91248936,10615000
가야대학교(김해),사립,경남,대학,7446294.0,6731889810,582,1803113000,953013000
가천대학교,사립,경기,대학,9094425.6,77843265838,5554,19540025873,13159780451
가톨릭관동대학교,사립,강원,대학,7725838.9,21628812317,1788,5363917479,2864833126
가톨릭꽃동네대학교,사립,충북,대학,7468777.8,1998417415,123,368008385,197458385
가톨릭대학교,사립,경기,대학,7963851.9,28695616841,3112,12266569219,8877801279
가톨릭상지대학교,사립,경북,전문대학,6122698.4,7148534417,545,1367080534,538730534
감리교신학대학교,사립,서울,대학,6941350.0,2886603070,588,2188122340,1462072340
강남대학교,사립,경기,대학,8206173.1,22201126913,1931,6612456351,4368418719
강동대학교,사립,충북,전문대학,6087118.9,13231413683,964,2845023889,1414423889
강릉영동대학교,사립,강원,전문대학,6161215.3,8965802818,701,1994311750,1005157580
강서대학교,사립,서울,대학,7933023.5,5602164367,447,1471792335,937792335
강원대학교,국공립,강원,대학,4231664.8,57280056940,5171,13107727256,5053901981
강원도립대학교,국공립,강원,전문대학,2347981.6,1896626865,77,147599000,15099000
거제대학교,사립,경남,전문대학,6720853.1,4940098485,296,788380095,339030095
건국대학교,사립,서울,대학,8935134.0,83072559273,8862,38006157365,26885056962
건양대학교,사립,충남,대학,7429363.0,26621412694,1766,4822286668,2299279338
건양사이버대학교,사립,대전,대학,2537763.9,9895117834,654,1383522125,296509200
경기과학기술대학교,사립,경기,전문대학,6933951.9,16092637039,1073,3152588302,1721712268
경기대학교,사립,경기,대학,8003495.9,51811828645,4577,16597985533,11287552513
경남대학교,사립,경남,대학,7060677.8,33880956270,2551,7003572646,3234317512
경남도립거창대학,국공립,경남,전문대학,2859245.1,2709976215,99,199986000,31086000
경남정보대학교,사립,부산,전문대학,6732394.5,23249099612,1904,4685575887,1695309374
경동대학교,사립,강원,대학,8651314.8,31317089896,2394,8126140249,5318118569
경민대학교,사립,경기,전문대학,7081098.3,18568000000,1345,3677628304,1915042373
경복대학교,사립,경기,전문대학,7171732.1,26444496981,2015,5694871056,2987754376
경북과학대학교,사립,경북,전문대학,5745592.5,8963885865,355,919620100,349420100
경북대학교,국공립,대구,대학,4524820.1,64770483901,6735,19238999692,8948501103
경북도립대학교,국공립,경북,전문대학,2459067.8,2432986400,124,225479050,11079050
경북보건대학교,사립,경북,전문대학,5777034.0,5331441650,379,986037747,404686840
경북전문대학교,사립,경북,전문대학,6282520.8,11637361446,660,1560149059,487789300
경상국립대학교,국공립,경남,대학,4095673.4,45505989873,4271,10378466809,3680577883
경성대학교,사립,부산,대학,7561386.3,41980207209,3960,11984470427,6556547599
경운대학교,사립,경북,대학,8046670.2,24972342313,1133,3601318480,2000701800
경인교육대학교,국공립,인천,대학,3493348.8,5797960960,512,1370263800,659963800
경인여자대학교,사립,인천,전문대학,6971178.9,13853331399,1294,3935586038,2420480985
경일대학교,사립,경북,대학,7997556.5,31378792675,2128,6074205048,3370923857
경희대학교,사립,서울,대학,8699742.0,83830341317,9480,43553084358,32391182279
경희사이버대학교,사립,서울,대학,2931652.2,18196007335,2001,4471877902,1053144558
계명대학교,사립,대구,대학,8236598.9,83726970167,6212,19671130029,11501585276
계명문화대학교,사립,대구,전문대학,6510125.5,22137132889,1011,2433907965,932016860
계원예술대학교,사립,경기,전문대학,8285244.2,10225076703,1237,4291475287,2849785287
고려대학교,사립,서울,대학,9125415.0,96799653379,13081,78544514674,63517661175
고려사이버대학교,사립,서울,대학,2647878.4,11066597530,1404,3186381400,714581400
고신대학교,사립,부산,대학,7298932.0,12064461792,1219,3845151046,2119051046
광신대학교,사립,광주,대학,6367853.5,2222469085,259,835220516,424670516
광운대학교,사립,서울,대학,8595586.5,28149622278,2716,10311124260,6933607580
광주과학기술원,국공립,광주,대학,2060000.0,5797079435,233,519094600,104044600
광주교육대학교,국공립,광주,대학,3795423.5,5618566256,273,672747145,250395677
광주대학교,사립,광주,대학,7133783.6,24269564963,1458,3815849987,1666807537
광주보건대학교,사립,광주,전문대학,5623590.0,12373568627,1003,2522347075,952405405
광주여자대학교,사립,광주,대학,6809350.9,15438100599,790,2006702829,868321447
구미대학교,사립,경북,전문대학,6376911.6,30142675830,1407,3365735222,1132530250
국립공주대학교,국공립,충남,대학,3858703.8,34021979220,2701,6629320622,2656849171
국립군산대학교,국공립,전북,대학,3891106.1,19321814315,1424,3369307672,1101657672
국립금오공과대학교,국공립,경북,대학,3773623.1,15883557975,1332,3085633480,1005433480
국립목포해양대학교,국공립,전남,대학,3412114.0,6337842030,1044,2176020600,377553920
국립부경대학교,국공립,부산,대학,4049668.0,46037259487,3246,7535852596,2406521670
국립순천대학교,국공립,전남,대학,3970127.2,18856085743,1411,3164521350,906837990
국립창원대학교,국공립,경남,대학,3768749.5,23036121425,1857,4344325901,1422050210
국립한국교통대학교,국공립,충북,대학,4103672.1,25580036345,1919,4369586296,1356684198
국립한국해양대학교,국공립,부산,대학,3722953.1,18441583865,1938,4389983878,1141999199
국민대학교,사립,서울,대학,8616796.8,56739723104,5484,23204538394,16850036444
국제대학교,사립,경기,전문대학,7468045.9,10052723834,864,2431841325,1247691325
국제사이버대학교,사립,경기,대학,2524286.0,7972948000,401,788717000,93567000
군산간호대학교,사립,전북,전문대학,6353625.0,3970818467,468,1233438665,512138665
극동대학교,사립,충북,대학,7846600.1,11290077400,909,3244605560,2036755560
글로벌사이버대학교,사립,충남,대학,2502176.9,4896489705,342,686283950,96333950
금강대학교,사립,충남,대학,6598000.0,768846365,22,42682000,3282000
기독간호대학교,사립,광주,전문대학,5528712.7,1916844758,199,541272372,225222372
김천대학교,사립,경북,대학,7387386.5,11359508730,580,1631924500,796774500
김포대학교,사립,경기,전문대학,7015264.2,7459688664,448,1460716340,910808000
김해대학교,사립,경남,전문대학,6409703.8,7485129638,837,2296745874,1042787974
나사렛대학교,사립,충남,대학,7911622.7,21164632125,1557,4848228659,2938527508
남부대학교,사립,광주,대학,6766873.8,10401593100,727,1806898001,777648001
남서울대학교,사립,충남,대학,8616388.3,36337338629,2597,8579682937,5462663484
농협대학교,사립,경기,전문대학,4982666.7,1100962675,176,495290000,176140000
단국대학교,사립,경기,대학,8842297.7,76166048653,8471,32738869080,22293887924
대경대학교,사립,경북,전문대학,6496174.3,16537949913,1066,2651600339,1039918971
대구가톨릭대학교,사립,경북,대학,7904801.4,50944494232,3559,10562890159,5846092414
대구경북과학기술원,국공립,대구,대학,7934000.0,2501474825,227,484683680,54200340
대구공업대학교,사립,대구,전문대학,6040550.6,6570966620,84,171595500,31895500
대구과학대학교,사립,대구,전문대학,6305808.3,22528490490,958,2460734910,1044284910
대구교육대학교,국공립,대구,대학,3896000.0,3556199070,391,1082022280,549672280
대구대학교,사립,경북,대학,7556022.7,68638008459,4718,14002407640,8021919186
대구보건대학교,사립,대구,전문대학,6797857.4,27937740888,2406,6590279718,3192678436
대구사이버대학교,사립,경북,대학,2691789.5,6609855855,784,1807582591,463698562
대구예술대학교,사립,경북,대학,8390429.3,1127356696,91,245243500,141193500
대구한의대학교,사립,경북,대학,7845054.2,32253898367,1817,5269130409,2546730280
대덕대학교,사립,대전,전문대학,6268134.3,6893147456,321,710077653,249858719
대동대학교,사립,부산,전문대학,6596194.4,5734535311,654,1778905583,855955583
대림대학교,사립,경기,전문대학,7359284.1,26246181964,1776,5165274194,2997269586
대신대학교,사립,경북,대학,6626353.4,2885882115,216,651936840,318853500
대원대학교,사립,충북,전문대학,6447452.7,7327877596,664,1729788069,675638069
대전과학기술대학교,사립,대전,전문대학,6424652.2,13420732483,1073,3024500369,1434395212
대전보건대학교,사립,대전,전문대학,6505339.1,15720122941,1413,3904855447,1854555447
대전신학대학교,사립,대전,대학,6100000.0,368776000,62,225194500,128694500
대진대학교,사립,경기,대학,8246988.5,29120483653,2526,8031518058,5103200747
덕성여자대학교,사립,서울,대학,7810760.7,17152027475,1537,5049160093,3271471504
동강대학교,사립,광주,전문대학,5860777.0,9464133502,640,1624802300,590002300
동국대학교,사립,서울,대학,8560649.0,76072851709,7348,29466873214,19996606773
동남보건대학교,사립,경기,전문대학,6785908.1,15736031210,1539,4768714667,2920341937
동덕여자대학교,사립,서울,대학,8126346.6,24344442934,1944,6892912593,4559030524
동서대학교,사립,부산,대학,7543205.4,37384960111,3202,9162939387,4892616554
동서울대학교,사립,경기,전문대학,7161803.3,20171949602,1752,5282552252,3124199690
동신대학교,사립,전남,대학,7249025.9,25454944180,1434,4052211722,1955411722
동아대학교,사립,부산,대학,7896057.5,66348824140,6225,21484532524,13362786284
동아방송예술대학교,사립,경기,전문대학,7877335.8,12152781075,1518,4921181479,2916037009
동아보건대학교,사립,전남,전문대학,4846806.6,4059026670,343,799421700,244221700
동양대학교,사립,경북,대학,7942642.8,15974708819,1024,2934212036,1645212036
동양미래대학교,사립,서울,전문대학,7237317.7,23618814199,1879,5610707852,3511987289
동원과학기술대학교,사립,경남,전문대학,6373017.2,10478041818,740,2002027973,870577973
동원대학교,사립,경기,전문대학,7343439.7,13181186877,789,2183802980,1171052980
동의과학대학교,사립,부산,전문대학,6875240.2,18436651798,1198,3077474749,1255558079
동의대학교,사립,부산,대학,7580400.9,58338448394,4266,12403668665,6346575877
두원공과대학교,사립,경기,전문대학,7019783.0,7621621477,800,2391369161,1328769161
디지털서울문화예술대학교,사립,서울,대학,3126349.9,6143454333,633,1600027854,643577854
마산대학교,사립,경남,전문대학,6397885.8,19166508600,1649,4422326785,2063056785
명지대학교,사립,경기,대학,8793563.1,47871835560,5320,21326978552,14920553131
명지전문대학,사립,서울,전문대학,7163968.3,26020423885,2011,6324759810,3790576460
목원대학교,사립,대전,대학,7965994.0,30611706320,2068,6099505592,3180179389
목포가톨릭대학교,사립,전남,대학,6758000.0,2306669880,115,302859817,134609817
목포과학대학교,사립,전남,전문대학,6106660.5,12231809332,762,1952206192,746606192
문경대학교,사립,경북,전문대학,6357049.4,3608096932,352,944335458,379116423
배재대학교,사립,대전,대학,7959587.6,29089266173,2003,5697062562,2918523033
배화여자대학교,사립,서울,전문대학,6825818.6,8649188937,727,2148112129,1257312129
백석대학교,사립,충남,대학,8626213.5,46081294843,5967,21564289209,14146700998
백석문화대학교,사립,충남,전문대학,7501632.0,14837163329,1364,4317540002,2366877071
백제예술대학교,사립,전북,전문대학,8080685.5,2807685626,334,1175338077,740138077
부산가톨릭대학교,사립,부산,대학,7470200.0,16075350566,1088,3263837621,1797225931
부산경상대학교,사립,부산,전문대학,5696012.6,9685530924,332,873519414,334886074
부산과학기술대학교,사립,부산,전문대학,6595823.1,16430388478,658,1581982235,568447672
부산교육대학교,국공립,부산,대학,3316000.0,3613922640,296,776300600,329000600
부산대학교,국공립,부산,대학,4514543.2,60134538340,6755,21512759521,11227626599
부산디지털대학교,사립,부산,대학,2522964.0,5436341928,431,902347300,125647300
부산보건대학교,사립,부산,전문대학,6614811.3,10557453862,886,2028373950,692073950
부산여자대학교,사립,부산,전문대학,6503938.5,7421075585,569,1464283030,619083030
부산예술대학교,사립,부산,전문대학,5696501.5,3138582115,139,364256160,128756160
부산외국어대학교,사립,부산,대학,7046968.4,23539128043,1967,5412225125,2542953462
부산장신대학교,사립,경남,대학,6316875.0,729173140,201,734816150,451916150
부천대학교,사립,경기,전문대학,6909184.8,30500573348,2241,6408641308,3776223245
사이버한국외국어대학교,사립,서울,대학,2888042.3,9573469001,1033,2411933110,637255320
삼육대학교,사립,서울,대학,8537542.9,21608284524,1731,5735370713,3716500756
삼육보건대학교,사립,서울,전문대학,6296214.5,4176811591,444,1234982090,712182090
상명대학교,사립,서울,대학,8596065.1,44656668211,4072,14988335427,10293393391
상지대학교,사립,강원,대학,8112354.0,20756493444,2053,6949880996,4159116503
서강대학교,사립,서울,대학,8698676.8,25739870968,4489,26638379868,21354449655
서경대학교,사립,서울,대학,8688695.9,23895424006,2155,7550543584,5215543584
서영대학교,사립,광주,전문대학,6027954.0,19291392552,1455,3560116379,1323422927
서울과학기술대학교,국공립,서울,대학,5494477.2,31205737972,2705,8130933109,4332378600
서울교육대학교,국공립,서울,대학,3256000.0,2664739655,335,941862000,497312000
서울기독대학교,사립,서울,대학,8139117.6,2072223830,160,548324519,324483120
서울대학교,국공립,서울,대학,6091815.7,55264819196,6196,26055585607,17774935607
서울디지털대학교,사립,서울,대학,2311658.9,17371358750,1911,4171458084,688122250
서울사이버대학교,사립,서울,대학,2850600.1,27666384213,2862,6588331082,1662447390
서울시립대학교,국공립,서울,대학,2530265.8,20394425532,2913,8243715520,3674180420
서울신학대학교,사립,경기,대학,7676276.8,10505888245,1245,4506378318,2966895259
서울여자간호대학교,사립,서울,전문대학,6963750.0,2690290412,387,1144213813,644713813
서울여자대학교,사립,서울,대학,8244464.4,25528477816,1776,5832175423,3775608455
서울예술대학교,사립,경기,전문대학,8694943.4,12508086343,1804,6698431630,4191748290
서울장신대학교,사립,경기,대학,7781326.9,1561503635,326,1247363152,783713152
서울한영대학교,사립,서울,대학,7245388.9,2416750250,227,730927600,462277600
서원대학교,사립,충북,대학,7574190.5,30396300966,1672,4563221706,2423480782
서일대학교,사립,서울,전문대학,6909536.0,20828859640,1989,5940157012,3648376052
서정대학교,사립,경기,전문대학,6310353.4,36065878205,1098,2894046628,1263404956
선린대학교,사립,경북,전문대학,6301218.6,7746827210,482,1217009849,444126509
선문대학교,사립,충남,대학,8244256.0,36563038445,2563,8067079257,4758402577
성결대학교,사립,경기,대학,7857086.3,18678736589,1874,6203050405,4172150405
성공회대학교,사립,서울,대학,7626671.5,9181954284,715,2202572378,1332976519
성균관대학교,사립,서울,대학,9145523.9,65103841772,9391,56746968249,46162540357
성신여자대학교,사립,서울,대학,8437832.3,34697642139,2442,9074289429,6245529779
성운대학교,사립,경북,전문대학,5467121.3,6960085400,86,218543400,87043400
세경대학교,사립,강원,전문대학,5372224.4,3665401131,137,341876000,119126000
세명대학교,사립,충북,대학,7503323.4,27135544315,2034,5842705657,2972241921
세종사이버대학교,사립,서울,대학,2920578.9,20945861579,1943,4104429340,796721000
세한대학교,사립,전남,대학,8013059.4,15689289604,749,2350198396,1280745204
송곡대학교,사립,강원,전문대학,5619869.9,2541742406,215,553820541,253620541
송원대학교,사립,광주,대학,7106105.0,12910635151,542,1337985411,503246440
송호대학교,사립,강원,전문대학,6038419.6,3542906073,332,974803250,447553250
수성대학교,사립,대구,전문대학,6388042.7,15925474730,735,1787940680,612574000
수원과학대학교,사립,경기,전문대학,6011130.5,8515467444,876,2428963636,1223713247
수원대학교,사립,경기,대학,8195102.4,31646858717,2359,7841856563,4890630011
수원여자대학교,사립,경기,전문대학,7213277.4,12401768746,1185,3565176941,2127168361
숙명여자대학교,사립,서울,대학,8825485.2,37266114624,3878,17079345602,12866157702
순복음총회신학교,사립,충북,대학,6243103.4,545410000,41,136290000,68640000
순천향대학교,사립,충남,대학,8540656.9,43959133744,3030,9689436508,5781752520
숭실대학교,사립,서울,대학,8643438.3,47295097252,4875,20181855175,14507896375
숭실사이버대학교,사립,서울,대학,2772244.9,14230790237,1043,2271000982,423050982
숭의여자대학교,사립,서울,전문대학,6587312.7,10915944203,822,2390087754,1364920820
신구대학교,사립,경기,전문대학,7227605.5,23132255675,2108,6286516748,3660230886
신라대학교,사립,부산,대학,7298401.8,27686176338,2360,6847357244,3665774438
신성대학교,사립,충남,전문대학,6915858.1,10347635940,987,2864445015,1363145015
신안산대학교,사립,경기,전문대학,7253397.8,8942966273,488,1356723105,755873105
신한대학교,사립,경기,대학,9187366.5,27399613195,2667,9955525064,7271983513
아신대학교,사립,경기,대학,6900000.0,1456549490,401,1450233247,880333247
아주대학교,사립,경기,대학,9093154.8,33881462317,4774,19896866614,14163247011
아주자동차대학교,사립,충남,전문대학,7204000.0,1758168030,127,388670000,203570000
안동과학대학교,사립,경북,전문대학,5939264.6,8206602093,636,1670565751,684415751
안양대학교,사립,경기,대학,8369570.6,18027042578,1592,5323364012,3700264012
여주대학교,사립,경기,전문대학,7519321.8,11548910721,1091,3331752722,1883052722
연성대학교,사립,경기,전문대학,7086392.6,23236174920,1644,4821225758,2904960368
연세대학교,사립,서울,대학,9745809.0,97485820452,13963,75307027162,59192880206
연암공과대학교,사립,경남,전문대학,5568095.9,4427791532,247,597181170,200914490
연암대학교,사립,충남,전문대학,6283484.2,5507073675,336,940261774,482811774
영남대학교,사립,경북,대학,8072811.3,86583959963,6155,19827759555,11552106208
영남신학대학교,사립,경북,대학,6812000.0,1815807630,219,797474600,429524600
영남외국어대학,사립,경북,전문대학,5505204.2,2353022660,48,99570000,42320000
영남이공대학교,사립,대구,전문대학,6688516.2,26034798030,1508,3803655748,1597017503
영진사이버대학교,사립,대구,전문대학,2498803.1,7460586050,458,972326380,154509700
영진전문대학교,사립,대구,전문대학,6757226.4,31697863380,1843,4682098340,1839915000
예수대학교,사립,전북,대학,7491000.0,1850899675,125,355494000,197894000
예원예술대학교,사립,전북,대학,8879588.7,3737027520,326,1214724280,850774280
오산대학교,사립,경기,전문대학,7075413.7,15253208203,1151,3414367826,2042617826
용인대학교,사립,경기,대학,8424516.6,21573193510,2438,8989800254,6219917520
용인예술과학대학교,사립,경기,전문대학,7453471.8,8864296375,915,2745234393,1648688720
우석대학교,사립,전북,대학,7519491.2,26857797942,2009,6291711599,3459536217
우송대학교,사립,대전,대학,7817764.1,41788761782,2375,7020636060,3951536060
우송정보대학,사립,대전,전문대학,6636858.1,13679458591,761,1895040218,730290977
울산과학기술원,국공립,울산,대학,6567981.0,12728147295,621,1667363660,618563660
울산과학대학교,사립,울산,전문대학,6701181.8,16645593367,1192,3221713014,1512467155
웅지세무대학교,사립,경기,전문대학,6960000.0,947631320,44,93950000,29950000
원광대학교,사립,전북,대학,8097126.7,50363170102,3807,12926723871,7287790934
원광디지털대학교,사립,전북,대학,2735094.3,10866595740,854,1894635000,407685000
원광보건대학교,사립,전북,전문대학,6668343.3,17215009747,1288,3199808850,1302625510
위덕대학교,사립,경북,대학,7312525.9,10285635601,498,1310568589,640022400
유원대학교,사립,충북,대학,7193377.1,25406860288,718,1954052500,875202500
유한대학교,사립,경기,전문대학,6756634.8,15996396436,1350,3879765042,2223821343
을지대학교,사립,대전,대학,9247499.6,18769868329,1378,4923662685,3483047722
이화여자대학교,사립,서울,대학,9311388.0,56816775931,6414,32296067030,25303391914
인덕대학교,사립,서울,전문대학,7170128.5,20614258405,1963,6032833035,3725583035
인제대학교,사립,경남,대학,7926630.2,29815087765,2712,8341064821,4632077412
인천대학교,국공립,인천,대학,4650414.5,37440493078,3161,8140996359,3486469679
인하공업전문대학,사립,인천,전문대학,7318815.2,28982779296,2190,6562518097,3685744174
인하대학교,사립,인천,대학,8490347.9,61359069359,6279,21427332234,13433089900
장로회신학대학교,사립,서울,대학,7308300.0,2791650905,1220,5624399828,4036908667
재능대학교,사립,인천,전문대학,7199291.8,12333988145,1020,2994760060,1650046111
전남과학대학교,사립,전남,전문대학,5493549.3,13257904087,676,1541103000,501653000
전남대학교,국공립,광주,대학,4198425.5,58416519402,5464,15911428359,7397825254
전남도립대학교,국공립,전남,전문대학,1962652.2,2108041405,107,212951000,20351000
전북과학대학교,사립,전북,전문대학,5403179.4,7459259898,423,1030542400,304692400
전북대학교,국공립,전북,대학,4461484.3,53677932423,4722,13190828102,5965614323
전주교육대학교,국공립,전북,대학,3646000.0,1667174845,151,322992000,85186000
전주기전대학,사립,전북,전문대학,6800000.0,9947327470,344,888178778,349478778
전주대학교,사립,전북,대학,7543384.2,44117634272,2888,8461241157,4420841952
전주비전대학교,사립,전북,전문대학,6728959.0,12653440975,868,2160380650,844797300
제주관광대학교,사립,제주,전문대학,5475138.5,5938775742,300,725502500,256902500
제주국제대학교,사립,제주,대학,5819108.1,829500560,36,104510000,53210000
제주대학교,국공립,제주,대학,4060630.6,27177775706,2463,6826796910,3021462231
제주한라대학교,사립,제주,전문대학,5618737.1,13285697155,943,2508256790,1138306790
조선간호대학교,사립,광주,전문대학,5477556.7,2301457770,268,668981750,254881750
조선대학교,사립,광주,대학,7718958.2,67271271120,4654,14340930403,7878910797
조선이공대학교,사립,광주,전문대학,5951378.2,10285526958,618,1386525192,389306250
중부대학교,사립,충남,대학,7846832.5,29467560845,2403,7205941632,4147246987
중앙대학교,사립,서울,대학,8796904.4,82149216925,8243,37724313643,27425680303
중원대학교,사립,충북,대학,7659699.5,19065380412,869,2421250370,1107333700
진주교육대학교,국공립,경남,대학,3778500.0,3337101170,198,454258400,121108400
진주보건대학교,사립,경남,전문대학,6726579.9,9884414529,897,2399462054,1080762054
차의과학대학교,사립,경기,대학,7762597.4,9843910131,1471,7013512215,5242917765
창신대학교,사립,경남,대학,6964561.1,8062068945,429,1071783340,440450000
창원문성대학교,사립,경남,전문대학,6502184.0,3506021795,316,828450000,400850000
청강문화산업대학교,사립,경기,전문대학,8073243.3,14557158551,1312,4201868370,2438932536
청암대학교,사립,전남,전문대학,6217559.3,7984718509,418,1109168010,458168010
청운대학교,사립,충남,대학,8000799.0,28095808243,1571,4467460184,2450978547
청주대학교,사립,충북,대학,8319491.0,44492459515,2958,9314869685,5556019685
초당대학교,사립,전남,대학,7231632.4,11923383402,739,2768468400,1696229500
총신대학교,사립,서울,대학,7556237.0,6354207349,1796,7109940278,4725037998
추계예술대학교,사립,서울,대학,9898886.0,3787086680,573,2371550980,1662600980
춘천교육대학교,국공립,강원,대학,3601590.4,2864006050,200,470804000,136254000
춘해보건대학교,사립,울산,전문대학,6647074.6,10005880005,1022,2767332439,1290282439
충남대학교,국공립,대전,대학,4401836.0,43638538434,4563,13338782899,6478261031
충남도립대학교,국공립,충남,전문대학,2460813.7,3885646444,161,331514500,76214500
충북대학교,국공립,충북,대학,4305681.0,38061483280,3513,10046521423,4692054743
충북도립대학교,국공립,충북,전문대학,1873069.8,1919043283,80,171595980,42645980
충북보건과학대학교,사립,충북,전문대학,6723179.0,8939776939,592,1632055860,818905860
충청대학교,사립,충북,전문대학,6323805.7,11629662810,660,1798504685,855868851
칼빈대학교,사립,경기,대학,8030000.0,2902386060,221,792035000,497035000
평택대학교,사립,경기,대학,8198774.1,12342047520,1139,3945248449,2608015109
포항공과대학교,사립,경북,대학,5613500.0,11164528477,853,3912469000,2786819000
포항대학교,사립,경북,전문대학,6575609.6,7393888887,638,1657443451,669293451
한경국립대학교,국공립,경기,대학,4021297.0,16318842120,1077,2510916810,887194080
한국과학기술원,국공립,대전,대학,6866000.0,28234464377,2092,12159420000,9179320000
한국관광대학교,사립,경기,전문대학,6832009.8,4562224173,321,894811460,445811460
한국교원대학교,국공립,충북,대학,3456068.7,6351229650,765,2193765325,1179065325
한국기술교육대학교,사립,충남,대학,4475287.1,15536880063,662,1580662224,546912224
한국농수산대학교,국공립,전북,전문대학,0.0,174818800,64,131825000,9975000
한국방송통신대학교,국공립,서울,대학,762435.9,22882242229,7674,16102031058,1797795906
한국복지사이버대학교,사립,경북,전문대학,2196000.0,5242231000,201,367858420,37358420
한국성서대학교,사립,서울,대학,7506665.2,4374722229,486,1535841775,965522825
한국승강기대학교,사립,경남,전문대학,7221135.9,2611759150,119,320707160,157457160
한국에너지공과대학교,국공립,전남,대학,9000000.0,4376732500,38,75750000,0
한국열린사이버대학교,사립,서울,대학,2423087.7,11211873610,583,1129347000,127147000
한국영상대학교,사립,세종,전문대학,6918276.8,12153280245,1195,3487376404,1775131954
한국체육대학교,국공립,서울,대학,3860074.8,6496372903,796,2273712065,1046762065
한국침례신학대학교,사립,대전,대학,5989978.1,5319422952,772,2637574759,1538874759
한국폴리텍 I 대학 서울강서캠퍼스,사립,서울,전문대학,2494000.0,519564115,75,150222000,29422000
한국폴리텍 I 대학 서울정수캠퍼스,사립,서울,전문대학,2494000.0,1448198911,255,531973830,92673830
한국폴리텍 I 대학 성남캠퍼스,사립,경기,전문대학,2432000.0,652492340,112,234314000,42064000
한국폴리텍 I 대학 제주캠퍼스,사립,제주,전문대학,2164000.0,69969000,6,11546000,3046000
한국폴리텍 II 대학 남인천캠퍼스,사립,인천,전문대학,2494000.0,75656000,8,18273519,2294000
한국폴리텍 II 대학 인천캠퍼스,사립,인천,전문대학,2494000.0,1983080063,351,765140080,141540080
한국폴리텍 III 대학 강릉캠퍼스,사립,강원,전문대학,2526761.9,164062750,18,35047500,2247500
한국폴리텍 III 대학 원주캠퍼스,사립,강원,전문대학,2174000.0,146485000,20,39087000,587000
한국폴리텍 III 대학 춘천캠퍼스,사립,강원,전문대학,2432000.0,338657000,39,79012000,8512000
한국폴리텍 IV 대학 대전캠퍼스,사립,대전,전문대학,2432000.0,971267450,194,373412660,34762660
한국폴리텍 IV 대학 아산캠퍼스,사립,충남,전문대학,2432000.0,504413001,49,97612000,7712000
한국폴리텍 IV 대학 청주캠퍼스,사립,충북,전문대학,2432000.0,885337000,109,226412000,17212000
한국폴리텍 IV 대학 충남캠퍼스,사립,충남,전문대학,2164000.0,248860000,28,53582000,1082000
한국폴리텍 V 대학 광주캠퍼스,사립,광주,전문대학,2432000.0,1237525667,170,327462000,34112000
한국폴리텍 V 대학 익산캠퍼스,사립,전북,전문대학,2432000.0,115165000,10,13216000,1216000
한국폴리텍 V 대학 전남캠퍼스,사립,전남,전문대학,2164000.0,218341000,23,45496000,3246000
한국폴리텍 V 대학 전북캠퍼스,사립,전북,전문대학,2321000.0,532743000,86,167965500,13765500
한국폴리텍 VI 대학 구미캠퍼스,사립,경북,전문대학,2432000.0,867186001,112,221316000,28116000
한국폴리텍 VI 대학 대구캠퍼스,사립,대구,전문대학,2432000.0,767142336,152,322796000,33696000
한국폴리텍 VI 대학 영남융합기술캠퍼스,사립,대구,전문대학,2432000.0,258177000,27,60228000,9728000
한국폴리텍 VI 대학 영주캠퍼스,사립,경북,전문대학,2164000.0,92598000,7,11082000,1082000
한국폴리텍 VII 대학 부산캠퍼스,사립,부산,전문대학,2432000.0,1147292587,184,362944000,41344000
한국폴리텍 VII 대학 울산캠퍼스,사립,울산,전문대학,2432000.0,907036333,170,332414000,35364000
한국폴리텍 VII 대학 창원캠퍼스,사립,경남,전문대학,2432000.0,2198211560,286,581520000,54220000
한국폴리텍 특성화대학 로봇캠퍼스,사립,경북,전문대학,2164000.0,271145000,48,103762000,15812000
한국폴리텍 특성화대학 바이오캠퍼스,사립,충남,전문대학,2595000.0,496650000,63,118055396,8082500
한국폴리텍 특성화대학 반도체융합캠퍼스,사립,경기,전문대학,2432000.0,473384000,86,165818000,26468000
한국폴리텍 특성화대학 항공캠퍼스,사립,경남,전문대학,2433846.2,409553667,72,147967500,25517500
한국항공대학교,사립,경기,대학,9210265.3,15244895175,1525,6207019679,4468200389
한남대학교,사립,대전,대학,7869677.4,46491151779,2663,7623566816,4138457204
한동대학교,사립,경북,대학,7413037.9,17698667318,1601,5440010127,3110010127
한라대학교,사립,강원,대학,7767468.5,12352179562,718,2087017290,1172990010
한림대학교,사립,강원,대학,8226649.5,27696772569,2101,6399889506,3782459506
한림성심대학교,사립,강원,전문대학,6250016.4,10093895908,717,1919414900,979364900
한서대학교,사립,충남,대학,8525200.1,25832986918,2379,9433551933,6463498324
한성대학교,사립,서울,대학,8033733.0,26492831358,2160,7292427494,4841694494
한세대학교,사립,경기,대학,8859564.3,10412071990,1237,4782664529,3366314529
한신대학교,사립,경기,대학,7892204.1,18457453964,1812,5405572571,3458322560
한양대학교,사립,서울,대학,9286647.0,102965000000,12580,60326739616,44744213741
한양사이버대학교,사립,서울,대학,2936765.0,26133850820,3335,7951942464,2371751000
한양여자대학교,사립,서울,전문대학,6761049.0,23463497155,1804,5170959269,3138001639
한영대학교,사립,전남,전문대학,6185299.1,4129483265,371,949565546,369028046
한일장신대학교,사립,전북,대학,6852602.7,3632525397,283,813619490,389034741
협성대학교,사립,경기,대학,8135252.7,13592547291,1223,3975632911,2526632911
혜전대학교,사립,충남,전문대학,6323583.0,11039397527,826,2271958028,1041758028
호남대학교,사립,광주,대학,6788793.8,26828664218,1497,3974798476,1821598476
호남신학대학교,사립,광주,대학,6973029.8,2274507323,213,770385800,462385800
호산대학교,사립,경북,전문대학,6196261.2,8078326110,584,1634434977,725493540
호서대학교,사립,충남,대학,8412408.0,47505272182,4206,14593672832,9523455362
호원대학교,사립,전북,대학,7501238.6,22422425790,1608,4736899673,2477416333
홍익대학교,사립,서울,대학,9152336.8,75731014441,7001,31416608948,23045389913
화신사이버대학교,사립,부산,대학,2515636.4,5696989620,178,316200000,14800000
